Timestamp,ActiveEnergy_kWh,ReactivePower_kVAr,SiteTag,InvStatus
2026/02/03 00:00:00,0.0,0.0,HIST-SITE-001,0
2026/02/03 00:05:00,0.0,0.0,HIST-SITE-001,0
2026/02/03 00:10:00,0.0,0.0,HIST-SITE-001,0
2026/02/03 00:15:00,0.0,0.0,HIST-SITE-001,0
2026/02/03 00:20:00,0.0,0.0,HIST-SITE-001,0
2026/02/03 00:25:00,0.0,0.0,HIST-SITE-001,0
2026/02/03 00:30:00,0.0,0.0,HIST-SITE-001,0
2026/02/03 00:35:00,0.0,0.0,HIST-SITE-001,0
2026/02/03 00:40:00,0.0,0.0,HIST-SITE-001,0
2026/02/03 00:45:00,0.0,0.0,HIST-SITE-001,0
2026/02/03 00:50:00,0.0,0.0,HIST-SITE-001,0
2026/02/03 00:55:00,0.0,0.0,HIST-SITE-001,0
2026/02/03 01:00:00,0.0,0.0,HIST-SITE-001,0
2026/02/03 01:05:00,0.0,0.0,HIST-SITE-001,0
2026/02/03 01:10:00,0.0,0.0,HIST-SITE-001,0
2026/02/03 01:15:00,0.0,0.0,HIST-SITE-001,0
2026/02/03 01:20:00,0.0,0.0,HIST-SITE-001,0
2026/02/03 01:25:00,0.0,0.0,HIST-SITE-001,0
2026/02/03 01:30:00,0.0,0.0,HIST-SITE-001,0
2026/02/03 01:35:00,0.0,0.0,HIST-SITE-001,0
2026/02/03 01:40:00,0.0,0.0,HIST-SITE-001,0
2026/02/03 01:45:00,0.0,0.0,HIST-SITE-001,0
2026/02/03 01:50:00,0.0,0.0,HIST-SITE-001,0
2026/02/03 01:55:00,0.0,0.0,HIST-SITE-001,0
2026/02/03 02:00:00,0.0,0.0,HIST-SITE-001,0
2026/02/03 02:05:00,0.0,0.0,HIST-SITE-001,0
2026/02/03 02:10:00,0.0,0.0,HIST-SITE-001,0
2026/02/03 02:15:00,0.0,0.0,HIST-SITE-001,0
2026/02/03 02:20:00,0.0,0.0,HIST-SITE-001,0
2026/02/03 02:25:00,0.0,0.0,HIST-SITE-001,0
2026/02/03 02:30:00,0.0,0.0,HIST-SITE-001,0
2026/02/03 02:35:00,0.0,0.0,HIST-SITE-001,0
2026/02/03 02:40:00,0.0,0.0,HIST-SITE-001,0
2026/02/03 02:45:00,0.0,0.0,HIST-SITE-001,0
2026/02/03 02:50:00,0.0,0.0,HIST-SITE-001,0
2026/02/03 02:55:00,0.0,0.0,HIST-SITE-001,0
2026/02/03 03:00:00,0.0,0.0,HIST-SITE-001,0
2026/02/03 03:05:00,0.0,0.0,HIST-SITE-001,0
2026/02/03 03:10:00,0.0,0.0,HIST-SITE-001,0
2026/02/03 03:15:00,0.0,0.0,HIST-SITE-001,0
2026/02/03 03:20:00,0.0,0.0,HIST-SITE-001,0
2026/02/03 03:25:00,0.0,0.0,HIST-SITE-001,0
2026/02/03 03:30:00,0.0,0.0,HIST-SITE-001,0
2026/02/03 03:35:00,0.0,0.0,HIST-SITE-001,0
2026/02/03 03:40:00,0.0,0.0,HIST-SITE-001,0
2026/02/03 03:45:00,0.0,0.0,HIST-SITE-001,0
2026/02/03 03:50:00,0.0,0.0,HIST-SITE-001,0
2026/02/03 03:55:00,0.0,0.0,HIST-SITE-001,0
2026/02/03 04:00:00,0.0,0.0,HIST-SITE-001,0
2026/02/03 04:05:00,0.0,0.0,HIST-SITE-001,0
2026/02/03 04:10:00,0.0,0.0,HIST-SITE-001,0
2026/02/03 04:15:00,0.0,0.0,HIST-SITE-001,0
2026/02/03 04:20:00,0.0,0.0,HIST-SITE-001,0
2026/02/03 04:25:00,0.0,0.0,HIST-SITE-001,0
2026/02/03 04:30:00,0.0,0.0,HIST-SITE-001,0
2026/02/03 04:35:00,0.0,0.0,HIST-SITE-001,0
2026/02/03 04:40:00,0.0,0.0,HIST-SITE-001,0
2026/02/03 04:45:00,0.0,0.0,HIST-SITE-001,0
2026/02/03 04:50:00,0.0,0.0,HIST-SITE-001,0
2026/02/03 04:55:00,0.0,0.0,HIST-SITE-001,0
2026/02/03 05:00:00,0.0,0.0,HIST-SITE-001,0
2026/02/03 05:05:00,0.0,0.0,HIST-SITE-001,0
2026/02/03 05:10:00,0.0,0.0,HIST-SITE-001,0
2026/02/03 05:15:00,0.0,0.0,HIST-SITE-001,0
2026/02/03 05:20:00,0.0,0.0,HIST-SITE-001,0
2026/02/03 05:25:00,0.0,0.0,HIST-SITE-001,0
2026/02/03 05:30:00,0.0,0.0,HIST-SITE-001,0
2026/02/03 05:35:00,0.0,0.0,HIST-SITE-001,0
2026/02/03 05:40:00,0.0,0.0,HIST-SITE-001,0
2026/02/03 05:45:00,0.0,0.0,HIST-SITE-001,0
2026/02/03 05:50:00,0.0,0.0,HIST-SITE-001,0
2026/02/03 05:55:00,0.0,0.0,HIST-SITE-001,0
2026/02/03 06:00:00,0.05,0.04,HIST-SITE-001,1
2026/02/03 06:05:00,0.05,0.0,HIST-SITE-001,0
2026/02/03 06:10:00,0.05,0.0,HIST-SITE-001,0
2026/02/03 06:15:00,0.14,0.084,HIST-SITE-001,1
2026/02/03 06:20:00,0.14,0.0,HIST-SITE-001,0
2026/02/03 06:25:00,0.17,0.035,HIST-SITE-001,1
2026/02/03 06:30:00,0.24,0.066,HIST-SITE-001,1
2026/02/03 06:35:00,0.32,0.075,HIST-SITE-001,1
2026/02/03 06:40:00,0.39,0.033,HIST-SITE-001,1
2026/02/03 06:45:00,0.53,0.122,HIST-SITE-001,1
2026/02/03 06:50:00,0.67,0.141,HIST-SITE-001,1
2026/02/03 06:55:00,0.79,0.133,HIST-SITE-001,1
2026/02/03 07:00:00,0.88,0.057,HIST-SITE-001,1
2026/02/03 07:05:00,1.07,0.205,HIST-SITE-001,1
2026/02/03 07:10:00,1.23,0.14,HIST-SITE-001,1
2026/02/03 07:15:00,1.36,0.143,HIST-SITE-001,1
2026/02/03 07:20:00,1.52,0.145,HIST-SITE-001,1
2026/02/03 07:25:00,1.66,0.147,HIST-SITE-001,1
2026/02/03 07:30:00,1.85,0.201,HIST-SITE-001,1
2026/02/03 07:35:00,2.07,0.196,HIST-SITE-001,1
2026/02/03 07:40:00,2.27,0.206,HIST-SITE-001,1
2026/02/03 07:45:00,2.45,0.198,HIST-SITE-001,1
2026/02/03 07:50:00,2.74,0.243,HIST-SITE-001,1
2026/02/03 07:55:00,3.02,0.241,HIST-SITE-001,1
2026/02/03 08:00:00,3.31,0.255,HIST-SITE-001,1
2026/02/03 08:05:00,3.6,0.264,HIST-SITE-001,1
2026/02/03 08:10:00,3.87,0.224,HIST-SITE-001,1
2026/02/03 08:15:00,4.21,0.301,HIST-SITE-001,1
2026/02/03 08:20:00,4.48,0.255,HIST-SITE-001,1
2026/02/03 08:25:00,4.81,0.298,HIST-SITE-001,1
2026/02/03 08:30:00,5.12,0.331,HIST-SITE-001,1
2026/02/03 08:35:00,5.49,0.347,HIST-SITE-001,1
2026/02/03 08:40:00,5.85,0.328,HIST-SITE-001,1
2026/02/03 08:45:00,6.14,0.261,HIST-SITE-001,1
2026/02/03 08:50:00,6.5,0.365,HIST-SITE-001,1
2026/02/03 08:55:00,6.82,0.326,HIST-SITE-001,1
2026/02/03 09:00:00,7.26,0.445,HIST-SITE-001,1
2026/02/03 09:05:00,7.65,0.348,HIST-SITE-001,1
2026/02/03 09:10:00,8.07,0.397,HIST-SITE-001,1
2026/02/03 09:15:00,8.58,0.493,HIST-SITE-001,1
2026/02/03 09:20:00,8.99,0.395,HIST-SITE-001,1
2026/02/03 09:25:00,9.47,0.45,HIST-SITE-001,1
2026/02/03 09:30:00,9.9,0.424,HIST-SITE-001,1
2026/02/03 09:35:00,10.27,0.376,HIST-SITE-001,1
2026/02/03 09:40:00,10.68,0.409,HIST-SITE-001,1
2026/02/03 09:45:00,11.22,0.519,HIST-SITE-001,1
2026/02/03 09:50:00,11.63,0.423,HIST-SITE-001,1
2026/02/03 09:55:00,12.11,0.454,HIST-SITE-001,1
2026/02/03 10:00:00,12.54,0.433,HIST-SITE-001,1
2026/02/03 10:05:00,12.94,0.418,HIST-SITE-001,1
2026/02/03 10:10:00,13.45,0.491,HIST-SITE-001,1
2026/02/03 10:15:00,13.93,0.447,HIST-SITE-001,1
2026/02/03 10:20:00,14.43,0.474,HIST-SITE-001,1
2026/02/03 10:25:00,15.06,0.593,HIST-SITE-001,1
2026/02/03 10:30:00,15.61,0.543,HIST-SITE-001,1
2026/02/03 10:35:00,16.14,0.503,HIST-SITE-001,1
2026/02/03 10:40:00,16.59,0.421,HIST-SITE-001,1
2026/02/03 10:45:00,17.05,0.447,HIST-SITE-001,1
2026/02/03 10:50:00,17.61,0.498,HIST-SITE-001,1
2026/02/03 10:55:00,18.26,0.622,HIST-SITE-001,1
2026/02/03 11:00:00,18.85,0.577,HIST-SITE-001,1
2026/02/03 11:05:00,19.4,0.542,HIST-SITE-001,1
2026/02/03 11:10:00,19.92,0.472,HIST-SITE-001,1
2026/02/03 11:15:00,20.44,0.516,HIST-SITE-001,1
2026/02/03 11:20:00,20.94,0.512,HIST-SITE-001,1
2026/02/03 11:25:00,21.52,0.567,HIST-SITE-001,1
2026/02/03 11:30:00,22.02,0.454,HIST-SITE-001,1
2026/02/03 11:35:00,22.54,0.503,HIST-SITE-001,1
2026/02/03 11:40:00,23.12,0.572,HIST-SITE-001,1
2026/02/03 11:45:00,23.67,0.49,HIST-SITE-001,1
2026/02/03 11:50:00,24.33,0.6,HIST-SITE-001,1
2026/02/03 11:55:00,24.87,0.516,HIST-SITE-001,1
2026/02/03 12:00:00,25.38,0.503,HIST-SITE-001,1
2026/02/03 12:05:00,25.91,0.522,HIST-SITE-001,1
2026/02/03 12:10:00,26.39,0.422,HIST-SITE-001,1
2026/02/03 12:15:00,26.95,0.548,HIST-SITE-001,1
2026/02/03 12:20:00,27.49,0.527,HIST-SITE-001,1
2026/02/03 12:25:00,28.04,0.511,HIST-SITE-001,1
2026/02/03 12:30:00,28.61,0.583,HIST-SITE-001,1
2026/02/03 12:35:00,29.28,0.638,HIST-SITE-001,1
2026/02/03 12:40:00,29.9,0.588,HIST-SITE-001,1
2026/02/03 12:45:00,30.43,0.515,HIST-SITE-001,1
2026/02/03 12:50:00,31.03,0.568,HIST-SITE-001,1
2026/02/03 12:55:00,31.52,0.46,HIST-SITE-001,1
2026/02/03 13:00:00,32.08,0.535,HIST-SITE-001,1
2026/02/03 13:05:00,32.68,0.567,HIST-SITE-001,1
2026/02/03 13:10:00,33.33,0.653,HIST-SITE-001,1
2026/02/03 13:15:00,33.84,0.488,HIST-SITE-001,1
2026/02/03 13:20:00,34.4,0.522,HIST-SITE-001,1
2026/02/03 13:25:00,34.98,0.557,HIST-SITE-001,1
2026/02/03 13:30:00,35.44,0.405,HIST-SITE-001,1
2026/02/03 13:35:00,36.01,0.521,HIST-SITE-001,1
2026/02/03 13:40:00,36.55,0.523,HIST-SITE-001,1
2026/02/03 13:45:00,37.15,0.583,HIST-SITE-001,1
2026/02/03 13:50:00,37.75,0.581,HIST-SITE-001,1
2026/02/03 13:55:00,38.29,0.546,HIST-SITE-001,1
2026/02/03 14:00:00,38.86,0.52,HIST-SITE-001,1
2026/02/03 14:05:00,39.42,0.531,HIST-SITE-001,1
2026/02/03 14:10:00,39.95,0.529,HIST-SITE-001,1
2026/02/03 14:15:00,40.38,0.389,HIST-SITE-001,1
2026/02/03 14:20:00,40.91,0.48,HIST-SITE-001,1
2026/02/03 14:25:00,41.31,0.36,HIST-SITE-001,1
2026/02/03 14:30:00,41.78,0.46,HIST-SITE-001,1
2026/02/03 14:35:00,42.19,0.427,HIST-SITE-001,1
2026/02/03 14:40:00,42.62,0.451,HIST-SITE-001,1
2026/02/03 14:45:00,43.1,0.504,HIST-SITE-001,1
2026/02/03 14:50:00,43.52,0.353,HIST-SITE-001,1
2026/02/03 14:55:00,43.96,0.464,HIST-SITE-001,1
2026/02/03 15:00:00,44.35,0.354,HIST-SITE-001,1
2026/02/03 15:05:00,44.77,0.437,HIST-SITE-001,1
2026/02/03 15:10:00,45.19,0.4,HIST-SITE-001,1
2026/02/03 15:15:00,45.64,0.441,HIST-SITE-001,1
2026/02/03 15:20:00,46.05,0.389,HIST-SITE-001,1
2026/02/03 15:25:00,46.45,0.4,HIST-SITE-001,1
2026/02/03 15:30:00,46.81,0.334,HIST-SITE-001,1
2026/02/03 15:35:00,47.15,0.354,HIST-SITE-001,1
2026/02/03 15:40:00,47.56,0.416,HIST-SITE-001,1
2026/02/03 15:45:00,47.96,0.375,HIST-SITE-001,1
2026/02/03 15:50:00,48.3,0.3,HIST-SITE-001,1
2026/02/03 15:55:00,48.69,0.391,HIST-SITE-001,1
2026/02/03 16:00:00,49.0,0.323,HIST-SITE-001,1
2026/02/03 16:05:00,49.37,0.348,HIST-SITE-001,1
2026/02/03 16:10:00,49.67,0.291,HIST-SITE-001,1
2026/02/03 16:15:00,49.93,0.238,HIST-SITE-001,1
2026/02/03 16:20:00,50.25,0.288,HIST-SITE-001,1
2026/02/03 16:25:00,50.52,0.257,HIST-SITE-001,1
2026/02/03 16:30:00,50.79,0.277,HIST-SITE-001,1
2026/02/03 16:35:00,51.06,0.233,HIST-SITE-001,1
2026/02/03 16:40:00,51.31,0.17,HIST-SITE-001,1
2026/02/03 16:45:00,51.49,0.174,HIST-SITE-001,1
2026/02/03 16:50:00,51.71,0.169,HIST-SITE-001,1
2026/02/03 16:55:00,51.93,0.231,HIST-SITE-001,1
2026/02/03 17:00:00,52.21,0.273,HIST-SITE-001,1
2026/02/03 17:05:00,52.42,0.195,HIST-SITE-001,1
2026/02/03 17:10:00,52.53,0.093,HIST-SITE-001,1
2026/02/03 17:15:00,52.74,0.167,HIST-SITE-001,1
2026/02/03 17:20:00,52.88,0.176,HIST-SITE-001,1
2026/02/03 17:25:00,53.03,0.153,HIST-SITE-001,1
2026/02/03 17:30:00,53.17,0.148,HIST-SITE-001,1
2026/02/03 17:35:00,53.29,0.138,HIST-SITE-001,1
2026/02/03 17:40:00,53.43,0.164,HIST-SITE-001,1
2026/02/03 17:45:00,53.52,0.076,HIST-SITE-001,1
2026/02/03 17:50:00,53.61,0.079,HIST-SITE-001,1
2026/02/03 17:55:00,53.68,0.062,HIST-SITE-001,1
2026/02/03 18:00:00,53.7,0.04,HIST-SITE-001,1
2026/02/03 18:05:00,53.79,0.111,HIST-SITE-001,1
2026/02/03 18:10:00,53.82,0.018,HIST-SITE-001,1
2026/02/03 18:15:00,53.86,0.063,HIST-SITE-001,1
2026/02/03 18:20:00,53.87,-0.022,HIST-SITE-001,0
2026/02/03 18:25:00,53.87,0.0,HIST-SITE-001,0
2026/02/03 18:30:00,53.89,0.051,HIST-SITE-001,1
2026/02/03 18:35:00,53.89,0.0,HIST-SITE-001,0
2026/02/03 18:40:00,53.89,0.0,HIST-SITE-001,0
2026/02/03 18:45:00,53.89,0.0,HIST-SITE-001,0
2026/02/03 18:50:00,53.89,0.0,HIST-SITE-001,0
2026/02/03 18:55:00,53.89,0.0,HIST-SITE-001,0
2026/02/03 19:00:00,53.89,0.0,HIST-SITE-001,0
2026/02/03 19:05:00,53.89,0.0,HIST-SITE-001,0
2026/02/03 19:10:00,53.89,0.0,HIST-SITE-001,0
2026/02/03 19:15:00,53.89,0.0,HIST-SITE-001,0
2026/02/03 19:20:00,53.89,0.0,HIST-SITE-001,0
2026/02/03 19:25:00,53.89,0.0,HIST-SITE-001,0
2026/02/03 19:30:00,53.89,0.0,HIST-SITE-001,0
2026/02/03 19:35:00,53.89,0.0,HIST-SITE-001,0
2026/02/03 19:40:00,53.89,0.0,HIST-SITE-001,0
2026/02/03 19:45:00,53.89,0.0,HIST-SITE-001,0
2026/02/03 19:50:00,53.89,0.0,HIST-SITE-001,0
2026/02/03 19:55:00,53.89,0.0,HIST-SITE-001,0
2026/02/03 20:00:00,53.89,0.0,HIST-SITE-001,0
2026/02/03 20:05:00,53.89,0.0,HIST-SITE-001,0
2026/02/03 20:10:00,53.89,0.0,HIST-SITE-001,0
2026/02/03 20:15:00,53.89,0.0,HIST-SITE-001,0
2026/02/03 20:20:00,53.89,0.0,HIST-SITE-001,0
2026/02/03 20:25:00,53.89,0.0,HIST-SITE-001,0
2026/02/03 20:30:00,53.89,0.0,HIST-SITE-001,0
2026/02/03 20:35:00,53.89,0.0,HIST-SITE-001,0
2026/02/03 20:40:00,53.89,0.0,HIST-SITE-001,0
2026/02/03 20:45:00,53.89,0.0,HIST-SITE-001,0
2026/02/03 20:50:00,53.89,0.0,HIST-SITE-001,0
2026/02/03 20:55:00,53.89,0.0,HIST-SITE-001,0
2026/02/03 21:00:00,53.89,0.0,HIST-SITE-001,0
2026/02/03 21:05:00,53.89,0.0,HIST-SITE-001,0
2026/02/03 21:10:00,53.89,0.0,HIST-SITE-001,0
2026/02/03 21:15:00,53.89,0.0,HIST-SITE-001,0
2026/02/03 21:20:00,53.89,0.0,HIST-SITE-001,0
2026/02/03 21:25:00,53.89,0.0,HIST-SITE-001,0
2026/02/03 21:30:00,53.89,0.0,HIST-SITE-001,0
2026/02/03 21:35:00,53.89,0.0,HIST-SITE-001,0
2026/02/03 21:40:00,53.89,0.0,HIST-SITE-001,0
2026/02/03 21:45:00,53.89,0.0,HIST-SITE-001,0
2026/02/03 21:50:00,53.89,0.0,HIST-SITE-001,0
2026/02/03 21:55:00,53.89,0.0,HIST-SITE-001,0
2026/02/03 22:00:00,53.89,0.0,HIST-SITE-001,0
2026/02/03 22:05:00,53.89,0.0,HIST-SITE-001,0
2026/02/03 22:10:00,53.89,0.0,HIST-SITE-001,0
2026/02/03 22:15:00,53.89,0.0,HIST-SITE-001,0
2026/02/03 22:20:00,53.89,0.0,HIST-SITE-001,0
2026/02/03 22:25:00,53.89,0.0,HIST-SITE-001,0
2026/02/03 22:30:00,53.89,0.0,HIST-SITE-001,0
2026/02/03 22:35:00,53.89,0.0,HIST-SITE-001,0
2026/02/03 22:40:00,53.89,0.0,HIST-SITE-001,0
2026/02/03 22:45:00,53.89,0.0,HIST-SITE-001,0
2026/02/03 22:50:00,53.89,0.0,HIST-SITE-001,0
2026/02/03 22:55:00,53.89,0.0,HIST-SITE-001,0
2026/02/03 23:00:00,53.89,0.0,HIST-SITE-001,0
2026/02/03 23:05:00,53.89,0.0,HIST-SITE-001,0
2026/02/03 23:10:00,53.89,0.0,HIST-SITE-001,0
2026/02/03 23:15:00,53.89,0.0,HIST-SITE-001,0
2026/02/03 23:20:00,53.89,0.0,HIST-SITE-001,0
2026/02/03 23:25:00,53.89,0.0,HIST-SITE-001,0
2026/02/03 23:30:00,53.89,0.0,HIST-SITE-001,0
2026/02/03 23:35:00,53.89,0.0,HIST-SITE-001,0
2026/02/03 23:40:00,53.89,0.0,HIST-SITE-001,0
2026/02/03 23:45:00,53.89,0.0,HIST-SITE-001,0
2026/02/03 23:50:00,53.89,0.0,HIST-SITE-001,0
2026/02/03 23:55:00,53.89,0.0,HIST-SITE-001,0
2026/02/04 00:00:00,53.89,0.0,HIST-SITE-001,0
2026/02/04 00:05:00,53.89,0.0,HIST-SITE-001,0
2026/02/04 00:10:00,53.89,0.0,HIST-SITE-001,0
2026/02/04 00:15:00,53.89,0.0,HIST-SITE-001,0
2026/02/04 00:20:00,53.89,0.0,HIST-SITE-001,0
2026/02/04 00:25:00,53.89,0.0,HIST-SITE-001,0
2026/02/04 00:30:00,53.89,0.0,HIST-SITE-001,0
2026/02/04 00:35:00,53.89,0.0,HIST-SITE-001,0
2026/02/04 00:40:00,53.89,0.0,HIST-SITE-001,0
2026/02/04 00:45:00,53.89,0.0,HIST-SITE-001,0
2026/02/04 00:50:00,53.89,0.0,HIST-SITE-001,0
2026/02/04 00:55:00,53.89,0.0,HIST-SITE-001,0
2026/02/04 01:00:00,53.89,0.0,HIST-SITE-001,0
2026/02/04 01:05:00,53.89,0.0,HIST-SITE-001,0
2026/02/04 01:10:00,53.89,0.0,HIST-SITE-001,0
2026/02/04 01:15:00,53.89,0.0,HIST-SITE-001,0
2026/02/04 01:20:00,53.89,0.0,HIST-SITE-001,0
2026/02/04 01:25:00,53.89,0.0,HIST-SITE-001,0
2026/02/04 01:30:00,53.89,0.0,HIST-SITE-001,0
2026/02/04 01:35:00,53.89,0.0,HIST-SITE-001,0
2026/02/04 01:40:00,53.89,0.0,HIST-SITE-001,0
2026/02/04 01:45:00,53.89,0.0,HIST-SITE-001,0
2026/02/04 01:50:00,53.89,0.0,HIST-SITE-001,0
2026/02/04 01:55:00,53.89,0.0,HIST-SITE-001,0
2026/02/04 02:00:00,53.89,0.0,HIST-SITE-001,0
2026/02/04 02:05:00,53.89,0.0,HIST-SITE-001,0
2026/02/04 02:10:00,53.89,0.0,HIST-SITE-001,0
2026/02/04 02:15:00,53.89,0.0,HIST-SITE-001,0
2026/02/04 02:20:00,53.89,0.0,HIST-SITE-001,0
2026/02/04 02:25:00,53.89,0.0,HIST-SITE-001,0
2026/02/04 02:30:00,53.89,0.0,HIST-SITE-001,0
2026/02/04 02:35:00,53.89,0.0,HIST-SITE-001,0
2026/02/04 02:40:00,53.89,0.0,HIST-SITE-001,0
2026/02/04 02:45:00,53.89,0.0,HIST-SITE-001,0
2026/02/04 02:50:00,53.89,0.0,HIST-SITE-001,0
2026/02/04 02:55:00,53.89,0.0,HIST-SITE-001,0
2026/02/04 03:00:00,53.89,0.0,HIST-SITE-001,0
2026/02/04 03:05:00,53.89,0.0,HIST-SITE-001,0
2026/02/04 03:10:00,53.89,0.0,HIST-SITE-001,0
2026/02/04 03:15:00,53.89,0.0,HIST-SITE-001,0
2026/02/04 03:20:00,53.89,0.0,HIST-SITE-001,0
2026/02/04 03:25:00,53.89,0.0,HIST-SITE-001,0
2026/02/04 03:30:00,53.89,0.0,HIST-SITE-001,0
2026/02/04 03:35:00,53.89,0.0,HIST-SITE-001,0
2026/02/04 03:40:00,53.89,0.0,HIST-SITE-001,0
2026/02/04 03:45:00,53.89,0.0,HIST-SITE-001,0
2026/02/04 03:50:00,53.89,0.0,HIST-SITE-001,0
2026/02/04 03:55:00,53.89,0.0,HIST-SITE-001,0
2026/02/04 04:00:00,53.89,0.0,HIST-SITE-001,0
2026/02/04 04:05:00,53.89,0.0,HIST-SITE-001,0
2026/02/04 04:10:00,53.89,0.0,HIST-SITE-001,0
2026/02/04 04:15:00,53.89,0.0,HIST-SITE-001,0
2026/02/04 04:20:00,53.89,0.0,HIST-SITE-001,0
2026/02/04 04:25:00,53.89,0.0,HIST-SITE-001,0
2026/02/04 04:30:00,53.89,0.0,HIST-SITE-001,0
2026/02/04 04:35:00,53.89,0.0,HIST-SITE-001,0
2026/02/04 04:40:00,53.89,0.0,HIST-SITE-001,0
2026/02/04 04:45:00,53.89,0.0,HIST-SITE-001,0
2026/02/04 04:50:00,53.89,0.0,HIST-SITE-001,0
2026/02/04 04:55:00,53.89,0.0,HIST-SITE-001,0
2026/02/04 05:00:00,53.89,0.0,HIST-SITE-001,0
2026/02/04 05:05:00,53.89,0.0,HIST-SITE-001,0
2026/02/04 05:10:00,53.89,0.0,HIST-SITE-001,0
2026/02/04 05:15:00,53.89,0.0,HIST-SITE-001,0
2026/02/04 05:20:00,53.89,0.0,HIST-SITE-001,0
2026/02/04 05:25:00,53.89,0.0,HIST-SITE-001,0
2026/02/04 05:30:00,53.89,0.0,HIST-SITE-001,0
2026/02/04 05:35:00,53.89,0.0,HIST-SITE-001,0
2026/02/04 05:40:00,53.89,0.0,HIST-SITE-001,0
2026/02/04 05:45:00,53.89,0.0,HIST-SITE-001,0
2026/02/04 05:50:00,53.89,0.0,HIST-SITE-001,0
2026/02/04 05:55:00,53.89,0.0,HIST-SITE-001,0
2026/02/04 06:00:00,53.91,-0.009,HIST-SITE-001,1
2026/02/04 06:05:00,53.93,0.048,HIST-SITE-001,1
2026/02/04 06:10:00,53.93,0.0,HIST-SITE-001,0
2026/02/04 06:15:00,53.98,0.065,HIST-SITE-001,1
2026/02/04 06:20:00,54.05,0.082,HIST-SITE-001,1
2026/02/04 06:25:00,54.12,0.089,HIST-SITE-001,1
2026/02/04 06:30:00,54.23,0.095,HIST-SITE-001,1
2026/02/04 06:35:00,54.3,0.078,HIST-SITE-001,1
2026/02/04 06:40:00,54.38,0.06,HIST-SITE-001,1
2026/02/04 06:45:00,54.48,0.11,HIST-SITE-001,1
2026/02/04 06:50:00,54.62,0.138,HIST-SITE-001,1
2026/02/04 06:55:00,54.72,0.104,HIST-SITE-001,1
2026/02/04 07:00:00,54.89,0.209,HIST-SITE-001,1
2026/02/04 07:05:00,55.04,0.153,HIST-SITE-001,1
2026/02/04 07:10:00,55.22,0.184,HIST-SITE-001,1
2026/02/04 07:15:00,55.42,0.199,HIST-SITE-001,1
2026/02/04 07:20:00,55.62,0.173,HIST-SITE-001,1
2026/02/04 07:25:00,55.77,0.142,HIST-SITE-001,1
2026/02/04 07:30:00,55.99,0.207,HIST-SITE-001,1
2026/02/04 07:35:00,56.22,0.23,HIST-SITE-001,1
2026/02/04 07:40:00,56.43,0.202,HIST-SITE-001,1
2026/02/04 07:45:00,56.71,0.263,HIST-SITE-001,1
2026/02/04 07:50:00,56.99,0.24,HIST-SITE-001,1
2026/02/04 07:55:00,57.28,0.31,HIST-SITE-001,1
2026/02/04 08:00:00,57.62,0.289,HIST-SITE-001,1
2026/02/04 08:05:00,57.89,0.26,HIST-SITE-001,1
2026/02/04 08:10:00,58.15,0.294,HIST-SITE-001,1
2026/02/04 08:15:00,58.49,0.343,HIST-SITE-001,1
2026/02/04 08:20:00,58.74,0.28,HIST-SITE-001,1
2026/02/04 08:25:00,59.08,0.301,HIST-SITE-001,1
2026/02/04 08:30:00,59.43,0.323,HIST-SITE-001,1
2026/02/04 08:35:00,59.78,0.329,HIST-SITE-001,1
2026/02/04 08:40:00,60.11,0.322,HIST-SITE-001,1
2026/02/04 08:45:00,60.48,0.372,HIST-SITE-001,1
2026/02/04 08:50:00,60.77,0.289,HIST-SITE-001,1
2026/02/04 08:55:00,61.14,0.387,HIST-SITE-001,1
2026/02/04 09:00:00,61.47,0.351,HIST-SITE-001,1
2026/02/04 09:05:00,61.94,0.454,HIST-SITE-001,1
2026/02/04 09:10:00,62.28,0.33,HIST-SITE-001,1
2026/02/04 09:15:00,62.73,0.443,HIST-SITE-001,1
2026/02/04 09:20:00,63.1,0.332,HIST-SITE-001,1
2026/02/04 09:25:00,63.49,0.37,HIST-SITE-001,1
2026/02/04 09:30:00,63.86,0.375,HIST-SITE-001,1
2026/02/04 09:35:00,64.31,0.413,HIST-SITE-001,1
2026/02/04 09:40:00,64.76,0.423,HIST-SITE-001,1
2026/02/04 09:45:00,65.16,0.378,HIST-SITE-001,1
2026/02/04 09:50:00,65.64,0.467,HIST-SITE-001,1
2026/02/04 09:55:00,66.15,0.492,HIST-SITE-001,1
2026/02/04 10:00:00,66.65,0.509,HIST-SITE-001,1
2026/02/04 10:05:00,67.17,0.54,HIST-SITE-001,1
2026/02/04 10:10:00,67.59,0.421,HIST-SITE-001,1
2026/02/04 10:15:00,68.0,0.373,HIST-SITE-001,1
2026/02/04 10:20:00,68.49,0.5,HIST-SITE-001,1
2026/02/04 10:25:00,69.05,0.539,HIST-SITE-001,1
2026/02/04 10:30:00,69.53,0.482,HIST-SITE-001,1
2026/02/04 10:35:00,70.04,0.444,HIST-SITE-001,1
2026/02/04 10:40:00,70.55,0.478,HIST-SITE-001,1
2026/02/04 10:45:00,71.09,0.522,HIST-SITE-001,1
2026/02/04 10:50:00,71.67,0.592,HIST-SITE-001,1
2026/02/04 10:55:00,72.16,0.461,HIST-SITE-001,1
2026/02/04 11:00:00,72.69,0.475,HIST-SITE-001,1
2026/02/04 11:05:00,73.24,0.568,HIST-SITE-001,1
2026/02/04 11:10:00,73.74,0.504,HIST-SITE-001,1
2026/02/04 11:15:00,74.27,0.522,HIST-SITE-001,1
2026/02/04 11:20:00,74.8,0.52,HIST-SITE-001,1
2026/02/04 11:25:00,75.35,0.489,HIST-SITE-001,1
2026/02/04 11:30:00,75.9,0.528,HIST-SITE-001,1
2026/02/04 11:35:00,76.43,0.48,HIST-SITE-001,1
2026/02/04 11:40:00,77.01,0.551,HIST-SITE-001,1
2026/02/04 11:45:00,77.5,0.435,HIST-SITE-001,1
2026/02/04 11:50:00,78.02,0.492,HIST-SITE-001,1
2026/02/04 11:55:00,78.62,0.565,HIST-SITE-001,1
2026/02/04 12:00:00,79.07,0.455,HIST-SITE-001,1
2026/02/04 12:05:00,79.7,0.58,HIST-SITE-001,1
2026/02/04 12:10:00,80.28,0.534,HIST-SITE-001,1
2026/02/04 12:15:00,80.81,0.505,HIST-SITE-001,1
2026/02/04 12:20:00,81.35,0.515,HIST-SITE-001,1
2026/02/04 12:25:00,81.92,0.58,HIST-SITE-001,1
2026/02/04 12:30:00,82.43,0.498,HIST-SITE-001,1
2026/02/04 12:35:00,82.95,0.51,HIST-SITE-001,1
2026/02/04 12:40:00,83.46,0.463,HIST-SITE-001,1
2026/02/04 12:45:00,84.07,0.601,HIST-SITE-001,1
2026/02/04 12:50:00,84.62,0.49,HIST-SITE-001,1
2026/02/04 12:55:00,85.19,0.563,HIST-SITE-001,1
2026/02/04 13:00:00,85.73,0.554,HIST-SITE-001,1
2026/02/04 13:05:00,86.32,0.562,HIST-SITE-001,1
2026/02/04 13:10:00,86.88,0.509,HIST-SITE-001,1
2026/02/04 13:15:00,87.37,0.491,HIST-SITE-001,1
2026/02/04 13:20:00,87.95,0.549,HIST-SITE-001,1
2026/02/04 13:25:00,88.46,0.486,HIST-SITE-001,1
2026/02/04 13:30:00,88.96,0.469,HIST-SITE-001,1
2026/02/04 13:35:00,89.53,0.564,HIST-SITE-001,1
2026/02/04 13:40:00,90.14,0.567,HIST-SITE-001,1
2026/02/04 13:45:00,90.72,0.569,HIST-SITE-001,1
2026/02/04 13:50:00,91.21,0.483,HIST-SITE-001,1
2026/02/04 13:55:00,91.74,0.511,HIST-SITE-001,1
2026/02/04 14:00:00,92.28,0.529,HIST-SITE-001,1
2026/02/04 14:05:00,92.93,0.636,HIST-SITE-001,1
2026/02/04 14:10:00,93.43,0.477,HIST-SITE-001,1
2026/02/04 14:15:00,93.89,0.448,HIST-SITE-001,1
2026/02/04 14:20:00,94.4,0.482,HIST-SITE-001,1
2026/02/04 14:25:00,94.82,0.381,HIST-SITE-001,1
2026/02/04 14:30:00,95.24,0.398,HIST-SITE-001,1
2026/02/04 14:35:00,95.74,0.454,HIST-SITE-001,1
2026/02/04 14:40:00,96.26,0.518,HIST-SITE-001,1
2026/02/04 14:45:00,96.72,0.448,HIST-SITE-001,1
2026/02/04 14:50:00,97.18,0.438,HIST-SITE-001,1
2026/02/04 14:55:00,97.65,0.425,HIST-SITE-001,1
2026/02/04 15:00:00,98.09,0.429,HIST-SITE-001,1
2026/02/04 15:05:00,98.5,0.403,HIST-SITE-001,1
2026/02/04 15:10:00,98.86,0.343,HIST-SITE-001,1
2026/02/04 15:15:00,99.24,0.371,HIST-SITE-001,1
2026/02/04 15:20:00,99.67,0.422,HIST-SITE-001,1
2026/02/04 15:25:00,100.06,0.389,HIST-SITE-001,1
2026/02/04 15:30:00,100.42,0.357,HIST-SITE-001,1
2026/02/04 15:35:00,100.75,0.347,HIST-SITE-001,1
2026/02/04 15:40:00,101.08,0.32,HIST-SITE-001,1
2026/02/04 15:45:00,101.39,0.289,HIST-SITE-001,1
2026/02/04 15:50:00,101.72,0.339,HIST-SITE-001,1
2026/02/04 15:55:00,102.12,0.397,HIST-SITE-001,1
2026/02/04 16:00:00,102.43,0.288,HIST-SITE-001,1
2026/02/04 16:05:00,102.75,0.285,HIST-SITE-001,1
2026/02/04 16:10:00,103.14,0.34,HIST-SITE-001,1
2026/02/04 16:15:00,103.44,0.298,HIST-SITE-001,1
2026/02/04 16:20:00,103.66,0.205,HIST-SITE-001,1
2026/02/04 16:25:00,103.95,0.294,HIST-SITE-001,1
2026/02/04 16:30:00,104.22,0.258,HIST-SITE-001,1
2026/02/04 16:35:00,104.52,0.231,HIST-SITE-001,1
2026/02/04 16:40:00,104.79,0.236,HIST-SITE-001,1
2026/02/04 16:45:00,104.99,0.183,HIST-SITE-001,1
2026/02/04 16:50:00,105.14,0.144,HIST-SITE-001,1
2026/02/04 16:55:00,105.36,0.208,HIST-SITE-001,1
2026/02/04 17:00:00,105.58,0.204,HIST-SITE-001,1
2026/02/04 17:05:00,105.81,0.236,HIST-SITE-001,1
2026/02/04 17:10:00,106.01,0.205,HIST-SITE-001,1
2026/02/04 17:15:00,106.17,0.134,HIST-SITE-001,1
2026/02/04 17:20:00,106.33,0.18,HIST-SITE-001,1
2026/02/04 17:25:00,106.53,0.23,HIST-SITE-001,1
2026/02/04 17:30:00,106.68,0.163,HIST-SITE-001,1
2026/02/04 17:35:00,106.8,0.112,HIST-SITE-001,1
2026/02/04 17:40:00,106.93,0.176,HIST-SITE-001,1
2026/02/04 17:45:00,107.06,0.119,HIST-SITE-001,1
2026/02/04 17:50:00,107.15,0.084,HIST-SITE-001,1
2026/02/04 17:55:00,107.21,0.026,HIST-SITE-001,1
2026/02/04 18:00:00,107.24,0.001,HIST-SITE-001,1
2026/02/04 18:05:00,107.29,0.058,HIST-SITE-001,1
2026/02/04 18:10:00,107.34,0.037,HIST-SITE-001,1
2026/02/04 18:15:00,107.38,0.018,HIST-SITE-001,1
2026/02/04 18:20:00,107.41,0.001,HIST-SITE-001,1
2026/02/04 18:25:00,107.41,0.0,HIST-SITE-001,0
2026/02/04 18:30:00,107.46,0.038,HIST-SITE-001,1
2026/02/04 18:35:00,107.46,0.0,HIST-SITE-001,0
2026/02/04 18:40:00,107.46,0.0,HIST-SITE-001,0
2026/02/04 18:45:00,107.46,0.0,HIST-SITE-001,0
2026/02/04 18:50:00,107.46,0.0,HIST-SITE-001,0
2026/02/04 18:55:00,107.46,0.0,HIST-SITE-001,0
2026/02/04 19:00:00,107.46,0.0,HIST-SITE-001,0
2026/02/04 19:05:00,107.46,0.0,HIST-SITE-001,0
2026/02/04 19:10:00,107.46,0.0,HIST-SITE-001,0
2026/02/04 19:15:00,107.46,0.0,HIST-SITE-001,0
2026/02/04 19:20:00,107.46,0.0,HIST-SITE-001,0
2026/02/04 19:25:00,107.46,0.0,HIST-SITE-001,0
2026/02/04 19:30:00,107.46,0.0,HIST-SITE-001,0
2026/02/04 19:35:00,107.46,0.0,HIST-SITE-001,0
2026/02/04 19:40:00,107.46,0.0,HIST-SITE-001,0
2026/02/04 19:45:00,107.46,0.0,HIST-SITE-001,0
2026/02/04 19:50:00,107.46,0.0,HIST-SITE-001,0
2026/02/04 19:55:00,107.46,0.0,HIST-SITE-001,0
2026/02/04 20:00:00,107.46,0.0,HIST-SITE-001,0
2026/02/04 20:05:00,107.46,0.0,HIST-SITE-001,0
2026/02/04 20:10:00,107.46,0.0,HIST-SITE-001,0
2026/02/04 20:15:00,107.46,0.0,HIST-SITE-001,0
2026/02/04 20:20:00,107.46,0.0,HIST-SITE-001,0
2026/02/04 20:25:00,107.46,0.0,HIST-SITE-001,0
2026/02/04 20:30:00,107.46,0.0,HIST-SITE-001,0
2026/02/04 20:35:00,107.46,0.0,HIST-SITE-001,0
2026/02/04 20:40:00,107.46,0.0,HIST-SITE-001,0
2026/02/04 20:45:00,107.46,0.0,HIST-SITE-001,0
2026/02/04 20:50:00,107.46,0.0,HIST-SITE-001,0
2026/02/04 20:55:00,107.46,0.0,HIST-SITE-001,0
2026/02/04 21:00:00,107.46,0.0,HIST-SITE-001,0
2026/02/04 21:05:00,107.46,0.0,HIST-SITE-001,0
2026/02/04 21:10:00,107.46,0.0,HIST-SITE-001,0
2026/02/04 21:15:00,107.46,0.0,HIST-SITE-001,0
2026/02/04 21:20:00,107.46,0.0,HIST-SITE-001,0
2026/02/04 21:25:00,107.46,0.0,HIST-SITE-001,0
2026/02/04 21:30:00,107.46,0.0,HIST-SITE-001,0
2026/02/04 21:35:00,107.46,0.0,HIST-SITE-001,0
2026/02/04 21:40:00,107.46,0.0,HIST-SITE-001,0
2026/02/04 21:45:00,107.46,0.0,HIST-SITE-001,0
2026/02/04 21:50:00,107.46,0.0,HIST-SITE-001,0
2026/02/04 21:55:00,107.46,0.0,HIST-SITE-001,0
2026/02/04 22:00:00,107.46,0.0,HIST-SITE-001,0
2026/02/04 22:05:00,107.46,0.0,HIST-SITE-001,0
2026/02/04 22:10:00,107.46,0.0,HIST-SITE-001,0
2026/02/04 22:15:00,107.46,0.0,HIST-SITE-001,0
2026/02/04 22:20:00,107.46,0.0,HIST-SITE-001,0
2026/02/04 22:25:00,107.46,0.0,HIST-SITE-001,0
2026/02/04 22:30:00,107.46,0.0,HIST-SITE-001,0
2026/02/04 22:35:00,107.46,0.0,HIST-SITE-001,0
2026/02/04 22:40:00,107.46,0.0,HIST-SITE-001,0
2026/02/04 22:45:00,107.46,0.0,HIST-SITE-001,0
2026/02/04 22:50:00,107.46,0.0,HIST-SITE-001,0
2026/02/04 22:55:00,107.46,0.0,HIST-SITE-001,0
2026/02/04 23:00:00,107.46,0.0,HIST-SITE-001,0
2026/02/04 23:05:00,107.46,0.0,HIST-SITE-001,0
2026/02/04 23:10:00,107.46,0.0,HIST-SITE-001,0
2026/02/04 23:15:00,107.46,0.0,HIST-SITE-001,0
2026/02/04 23:20:00,107.46,0.0,HIST-SITE-001,0
2026/02/04 23:25:00,107.46,0.0,HIST-SITE-001,0
2026/02/04 23:30:00,107.46,0.0,HIST-SITE-001,0
2026/02/04 23:35:00,107.46,0.0,HIST-SITE-001,0
2026/02/04 23:40:00,107.46,0.0,HIST-SITE-001,0
2026/02/04 23:45:00,107.46,0.0,HIST-SITE-001,0
2026/02/04 23:50:00,107.46,0.0,HIST-SITE-001,0
2026/02/04 23:55:00,107.46,0.0,HIST-SITE-001,0
2026/02/05 00:00:00,107.46,0.0,HIST-SITE-001,0
2026/02/05 00:05:00,107.46,0.0,HIST-SITE-001,0
2026/02/05 00:10:00,107.46,0.0,HIST-SITE-001,0
2026/02/05 00:15:00,107.46,0.0,HIST-SITE-001,0
2026/02/05 00:20:00,107.46,0.0,HIST-SITE-001,0
2026/02/05 00:25:00,107.46,0.0,HIST-SITE-001,0
2026/02/05 00:30:00,107.46,0.0,HIST-SITE-001,0
2026/02/05 00:35:00,107.46,0.0,HIST-SITE-001,0
2026/02/05 00:40:00,107.46,0.0,HIST-SITE-001,0
2026/02/05 00:45:00,107.46,0.0,HIST-SITE-001,0
2026/02/05 00:50:00,107.46,0.0,HIST-SITE-001,0
2026/02/05 00:55:00,107.46,0.0,HIST-SITE-001,0
2026/02/05 01:00:00,107.46,0.0,HIST-SITE-001,0
2026/02/05 01:05:00,107.46,0.0,HIST-SITE-001,0
2026/02/05 01:10:00,107.46,0.0,HIST-SITE-001,0
2026/02/05 01:15:00,107.46,0.0,HIST-SITE-001,0
2026/02/05 01:20:00,107.46,0.0,HIST-SITE-001,0
2026/02/05 01:25:00,107.46,0.0,HIST-SITE-001,0
2026/02/05 01:30:00,107.46,0.0,HIST-SITE-001,0
2026/02/05 01:35:00,107.46,0.0,HIST-SITE-001,0
2026/02/05 01:40:00,107.46,0.0,HIST-SITE-001,0
2026/02/05 01:45:00,107.46,0.0,HIST-SITE-001,0
2026/02/05 01:50:00,107.46,0.0,HIST-SITE-001,0
2026/02/05 01:55:00,107.46,0.0,HIST-SITE-001,0
2026/02/05 02:00:00,107.46,0.0,HIST-SITE-001,0
2026/02/05 02:05:00,107.46,0.0,HIST-SITE-001,0
2026/02/05 02:10:00,107.46,0.0,HIST-SITE-001,0
2026/02/05 02:15:00,107.46,0.0,HIST-SITE-001,0
2026/02/05 02:20:00,107.46,0.0,HIST-SITE-001,0
2026/02/05 02:25:00,107.46,0.0,HIST-SITE-001,0
2026/02/05 02:30:00,107.46,0.0,HIST-SITE-001,0
2026/02/05 02:35:00,107.46,0.0,HIST-SITE-001,0
2026/02/05 02:40:00,107.46,0.0,HIST-SITE-001,0
2026/02/05 02:45:00,107.46,0.0,HIST-SITE-001,0
2026/02/05 02:50:00,107.46,0.0,HIST-SITE-001,0
2026/02/05 02:55:00,107.46,0.0,HIST-SITE-001,0
2026/02/05 03:00:00,107.46,0.0,HIST-SITE-001,0
2026/02/05 03:05:00,107.46,0.0,HIST-SITE-001,0
2026/02/05 03:10:00,107.46,0.0,HIST-SITE-001,0
2026/02/05 03:15:00,107.46,0.0,HIST-SITE-001,0
2026/02/05 03:20:00,107.46,0.0,HIST-SITE-001,0
2026/02/05 03:25:00,107.46,0.0,HIST-SITE-001,0
2026/02/05 03:30:00,107.46,0.0,HIST-SITE-001,0
2026/02/05 03:35:00,107.46,0.0,HIST-SITE-001,0
2026/02/05 03:40:00,107.46,0.0,HIST-SITE-001,0
2026/02/05 03:45:00,107.46,0.0,HIST-SITE-001,0
2026/02/05 03:50:00,107.46,0.0,HIST-SITE-001,0
2026/02/05 03:55:00,107.46,0.0,HIST-SITE-001,0
2026/02/05 04:00:00,107.46,0.0,HIST-SITE-001,0
2026/02/05 04:05:00,107.46,0.0,HIST-SITE-001,0
2026/02/05 04:10:00,107.46,0.0,HIST-SITE-001,0
2026/02/05 04:15:00,107.46,0.0,HIST-SITE-001,0
2026/02/05 04:20:00,107.46,0.0,HIST-SITE-001,0
2026/02/05 04:25:00,107.46,0.0,HIST-SITE-001,0
2026/02/05 04:30:00,107.46,0.0,HIST-SITE-001,0
2026/02/05 04:35:00,107.46,0.0,HIST-SITE-001,0
2026/02/05 04:40:00,107.46,0.0,HIST-SITE-001,0
2026/02/05 04:45:00,107.46,0.0,HIST-SITE-001,0
2026/02/05 04:50:00,107.46,0.0,HIST-SITE-001,0
2026/02/05 04:55:00,107.46,0.0,HIST-SITE-001,0
2026/02/05 05:00:00,107.46,0.0,HIST-SITE-001,0
2026/02/05 05:05:00,107.46,0.0,HIST-SITE-001,0
2026/02/05 05:10:00,107.46,0.0,HIST-SITE-001,0
2026/02/05 05:15:00,107.46,0.0,HIST-SITE-001,0
2026/02/05 05:20:00,107.46,0.0,HIST-SITE-001,0
2026/02/05 05:25:00,107.46,0.0,HIST-SITE-001,0
2026/02/05 05:30:00,107.46,0.0,HIST-SITE-001,0
2026/02/05 05:35:00,107.46,0.0,HIST-SITE-001,0
2026/02/05 05:40:00,107.46,0.0,HIST-SITE-001,0
2026/02/05 05:45:00,107.46,0.0,HIST-SITE-001,0
2026/02/05 05:50:00,107.46,0.0,HIST-SITE-001,0
2026/02/05 05:55:00,107.46,0.0,HIST-SITE-001,0
2026/02/05 06:00:00,107.5,0.042,HIST-SITE-001,1
2026/02/05 06:05:00,107.5,0.0,HIST-SITE-001,0
2026/02/05 06:10:00,107.54,0.047,HIST-SITE-001,1
2026/02/05 06:15:00,107.6,0.058,HIST-SITE-001,1
2026/02/05 06:20:00,107.69,0.093,HIST-SITE-001,1
2026/02/05 06:25:00,107.74,0.055,HIST-SITE-001,1
2026/02/05 06:30:00,107.78,0.018,HIST-SITE-001,1
2026/02/05 06:35:00,107.83,0.072,HIST-SITE-001,1
2026/02/05 06:40:00,108.0,0.136,HIST-SITE-001,1
2026/02/05 06:45:00,108.0,-0.029,HIST-SITE-001,0
2026/02/05 06:50:00,108.11,0.093,HIST-SITE-001,1
2026/02/05 06:55:00,108.27,0.181,HIST-SITE-001,1
2026/02/05 07:00:00,108.45,0.197,HIST-SITE-001,1
2026/02/05 07:05:00,108.56,0.133,HIST-SITE-001,1
2026/02/05 07:10:00,108.72,0.145,HIST-SITE-001,1
2026/02/05 07:15:00,108.86,0.14,HIST-SITE-001,1
2026/02/05 07:20:00,109.01,0.131,HIST-SITE-001,1
2026/02/05 07:25:00,109.19,0.164,HIST-SITE-001,1
2026/02/05 07:30:00,109.39,0.204,HIST-SITE-001,1
2026/02/05 07:35:00,109.62,0.186,HIST-SITE-001,1
2026/02/05 07:40:00,109.87,0.233,HIST-SITE-001,1
2026/02/05 07:45:00,110.14,0.288,HIST-SITE-001,1
2026/02/05 07:50:00,110.4,0.275,HIST-SITE-001,1
2026/02/05 07:55:00,110.65,0.227,HIST-SITE-001,1
2026/02/05 08:00:00,110.93,0.27,HIST-SITE-001,1
2026/02/05 08:05:00,111.19,0.243,HIST-SITE-001,1
2026/02/05 08:10:00,111.49,0.298,HIST-SITE-001,1
2026/02/05 08:15:00,111.75,0.254,HIST-SITE-001,1
2026/02/05 08:20:00,112.11,0.319,HIST-SITE-001,1
2026/02/05 08:25:00,112.43,0.269,HIST-SITE-001,1
2026/02/05 08:30:00,112.74,0.312,HIST-SITE-001,1
2026/02/05 08:35:00,113.11,0.344,HIST-SITE-001,1
2026/02/05 08:40:00,113.46,0.338,HIST-SITE-001,1
2026/02/05 08:45:00,113.71,0.271,HIST-SITE-001,1
2026/02/05 08:50:00,114.08,0.331,HIST-SITE-001,1
2026/02/05 08:55:00,114.44,0.353,HIST-SITE-001,1
2026/02/05 09:00:00,114.8,0.314,HIST-SITE-001,1
2026/02/05 09:05:00,115.19,0.363,HIST-SITE-001,1
2026/02/05 09:10:00,115.59,0.376,HIST-SITE-001,1
2026/02/05 09:15:00,115.98,0.387,HIST-SITE-001,1
2026/02/05 09:20:00,116.34,0.36,HIST-SITE-001,1
2026/02/05 09:25:00,116.76,0.409,HIST-SITE-001,1
2026/02/05 09:30:00,117.22,0.441,HIST-SITE-001,1
2026/02/05 09:35:00,117.68,0.437,HIST-SITE-001,1
2026/02/05 09:40:00,118.1,0.416,HIST-SITE-001,1
2026/02/05 09:45:00,118.64,0.544,HIST-SITE-001,1
2026/02/05 09:50:00,119.12,0.46,HIST-SITE-001,1
2026/02/05 09:55:00,119.57,0.439,HIST-SITE-001,1
2026/02/05 10:00:00,120.06,0.513,HIST-SITE-001,1
2026/02/05 10:05:00,120.54,0.446,HIST-SITE-001,1
2026/02/05 10:10:00,121.04,0.461,HIST-SITE-001,1
2026/02/05 10:15:00,121.5,0.456,HIST-SITE-001,1
2026/02/05 10:20:00,122.07,0.565,HIST-SITE-001,1
2026/02/05 10:25:00,122.68,0.605,HIST-SITE-001,1
2026/02/05 10:30:00,123.19,0.42,HIST-SITE-001,1
2026/02/05 10:35:00,123.68,0.476,HIST-SITE-001,1
2026/02/05 10:40:00,124.2,0.482,HIST-SITE-001,1
2026/02/05 10:45:00,124.76,0.513,HIST-SITE-001,1
2026/02/05 10:50:00,125.16,0.364,HIST-SITE-001,1
2026/02/05 10:55:00,125.78,0.592,HIST-SITE-001,1
2026/02/05 11:00:00,126.4,0.591,HIST-SITE-001,1
2026/02/05 11:05:00,126.84,0.385,HIST-SITE-001,1
2026/02/05 11:10:00,127.45,0.606,HIST-SITE-001,1
2026/02/05 11:15:00,128.03,0.563,HIST-SITE-001,1
2026/02/05 11:20:00,128.61,0.566,HIST-SITE-001,1
2026/02/05 11:25:00,129.22,0.588,HIST-SITE-001,1
2026/02/05 11:30:00,129.68,0.439,HIST-SITE-001,1
2026/02/05 11:35:00,130.28,0.559,HIST-SITE-001,1
2026/02/05 11:40:00,130.8,0.52,HIST-SITE-001,1
2026/02/05 11:45:00,131.36,0.554,HIST-SITE-001,1
2026/02/05 11:50:00,131.89,0.488,HIST-SITE-001,1
2026/02/05 11:55:00,132.54,0.626,HIST-SITE-001,1
2026/02/05 12:00:00,133.05,0.521,HIST-SITE-001,1
2026/02/05 12:05:00,133.65,0.603,HIST-SITE-001,1
2026/02/05 12:10:00,134.23,0.558,HIST-SITE-001,1
2026/02/05 12:15:00,134.85,0.594,HIST-SITE-001,1
2026/02/05 12:20:00,135.41,0.534,HIST-SITE-001,1
2026/02/05 12:25:00,136.02,0.576,HIST-SITE-001,1
2026/02/05 12:30:00,136.57,0.547,HIST-SITE-001,1
2026/02/05 12:35:00,137.11,0.527,HIST-SITE-001,1
2026/02/05 12:40:00,137.68,0.528,HIST-SITE-001,1
2026/02/05 12:45:00,138.23,0.518,HIST-SITE-001,1
2026/02/05 12:50:00,138.76,0.46,HIST-SITE-001,1
2026/02/05 12:55:00,139.33,0.545,HIST-SITE-001,1
2026/02/05 13:00:00,139.87,0.481,HIST-SITE-001,1
2026/02/05 13:05:00,140.54,0.633,HIST-SITE-001,1
2026/02/05 13:10:00,141.12,0.549,HIST-SITE-001,1
2026/02/05 13:15:00,141.6,0.477,HIST-SITE-001,1
2026/02/05 13:20:00,142.2,0.58,HIST-SITE-001,1
2026/02/05 13:25:00,142.72,0.488,HIST-SITE-001,1
2026/02/05 13:30:00,143.16,0.45,HIST-SITE-001,1
2026/02/05 13:35:00,143.65,0.454,HIST-SITE-001,1
2026/02/05 13:40:00,144.14,0.482,HIST-SITE-001,1
2026/02/05 13:45:00,144.67,0.505,HIST-SITE-001,1
2026/02/05 13:50:00,145.1,0.415,HIST-SITE-001,1
2026/02/05 13:55:00,145.63,0.505,HIST-SITE-001,1
2026/02/05 14:00:00,146.13,0.469,HIST-SITE-001,1
2026/02/05 14:05:00,146.62,0.462,HIST-SITE-001,1
2026/02/05 14:10:00,147.23,0.587,HIST-SITE-001,1
2026/02/05 14:15:00,147.7,0.433,HIST-SITE-001,1
2026/02/05 14:20:00,148.21,0.509,HIST-SITE-001,1
2026/02/05 14:25:00,148.67,0.443,HIST-SITE-001,1
2026/02/05 14:30:00,149.19,0.496,HIST-SITE-001,1
2026/02/05 14:35:00,149.62,0.42,HIST-SITE-001,1
2026/02/05 14:40:00,149.99,0.351,HIST-SITE-001,1
2026/02/05 14:45:00,150.42,0.369,HIST-SITE-001,1
2026/02/05 14:50:00,150.87,0.431,HIST-SITE-001,1
2026/02/05 14:55:00,151.29,0.434,HIST-SITE-001,1
2026/02/05 15:00:00,151.76,0.471,HIST-SITE-001,1
2026/02/05 15:05:00,152.19,0.436,HIST-SITE-001,1
2026/02/05 15:10:00,152.6,0.382,HIST-SITE-001,1
2026/02/05 15:15:00,153.03,0.409,HIST-SITE-001,1
2026/02/05 15:20:00,153.42,0.361,HIST-SITE-001,1
2026/02/05 15:25:00,153.77,0.327,HIST-SITE-001,1
2026/02/05 15:30:00,154.17,0.371,HIST-SITE-001,1
2026/02/05 15:35:00,154.43,0.221,HIST-SITE-001,1
2026/02/05 15:40:00,154.76,0.33,HIST-SITE-001,1
2026/02/05 15:45:00,155.05,0.284,HIST-SITE-001,1
2026/02/05 15:50:00,155.42,0.363,HIST-SITE-001,1
2026/02/05 15:55:00,155.73,0.279,HIST-SITE-001,1
2026/02/05 16:00:00,156.0,0.269,HIST-SITE-001,1
2026/02/05 16:05:00,156.35,0.335,HIST-SITE-001,1
2026/02/05 16:10:00,156.75,0.395,HIST-SITE-001,1
2026/02/05 16:15:00,157.05,0.279,HIST-SITE-001,1
2026/02/05 16:20:00,157.34,0.292,HIST-SITE-001,1
2026/02/05 16:25:00,157.65,0.281,HIST-SITE-001,1
2026/02/05 16:30:00,157.9,0.243,HIST-SITE-001,1
2026/02/05 16:35:00,158.18,0.267,HIST-SITE-001,1
2026/02/05 16:40:00,158.53,0.363,HIST-SITE-001,1
2026/02/05 16:45:00,158.77,0.218,HIST-SITE-001,1
2026/02/05 16:50:00,159.02,0.262,HIST-SITE-001,1
2026/02/05 16:55:00,159.21,0.145,HIST-SITE-001,1
2026/02/05 17:00:00,159.41,0.248,HIST-SITE-001,1
2026/02/05 17:05:00,159.62,0.176,HIST-SITE-001,1
2026/02/05 17:10:00,159.83,0.192,HIST-SITE-001,1
2026/02/05 17:15:00,160.04,0.179,HIST-SITE-001,1
2026/02/05 17:20:00,160.19,0.175,HIST-SITE-001,1
2026/02/05 17:25:00,160.33,0.125,HIST-SITE-001,1
2026/02/05 17:30:00,160.46,0.144,HIST-SITE-001,1
2026/02/05 17:35:00,160.62,0.131,HIST-SITE-001,1
2026/02/05 17:40:00,160.77,0.127,HIST-SITE-001,1
2026/02/05 17:45:00,160.87,0.086,HIST-SITE-001,1
2026/02/05 17:50:00,160.95,0.11,HIST-SITE-001,1
2026/02/05 17:55:00,161.06,0.118,HIST-SITE-001,1
2026/02/05 18:00:00,161.18,0.123,HIST-SITE-001,1
2026/02/05 18:05:00,161.27,0.095,HIST-SITE-001,1
2026/02/05 18:10:00,161.32,0.027,HIST-SITE-001,1
2026/02/05 18:15:00,161.38,0.042,HIST-SITE-001,1
2026/02/05 18:20:00,161.43,0.04,HIST-SITE-001,1
2026/02/05 18:25:00,161.44,0.028,HIST-SITE-001,1
2026/02/05 18:30:00,161.44,0.0,HIST-SITE-001,0
2026/02/05 18:35:00,161.44,0.0,HIST-SITE-001,0
2026/02/05 18:40:00,161.44,0.0,HIST-SITE-001,0
2026/02/05 18:45:00,161.44,0.0,HIST-SITE-001,0
2026/02/05 18:50:00,161.44,0.0,HIST-SITE-001,0
2026/02/05 18:55:00,161.44,0.0,HIST-SITE-001,0
2026/02/05 19:00:00,161.44,0.0,HIST-SITE-001,0
2026/02/05 19:05:00,161.44,0.0,HIST-SITE-001,0
2026/02/05 19:10:00,161.44,0.0,HIST-SITE-001,0
2026/02/05 19:15:00,161.44,0.0,HIST-SITE-001,0
2026/02/05 19:20:00,161.44,0.0,HIST-SITE-001,0
2026/02/05 19:25:00,161.44,0.0,HIST-SITE-001,0
2026/02/05 19:30:00,161.44,0.0,HIST-SITE-001,0
2026/02/05 19:35:00,161.44,0.0,HIST-SITE-001,0
2026/02/05 19:40:00,161.44,0.0,HIST-SITE-001,0
2026/02/05 19:45:00,161.44,0.0,HIST-SITE-001,0
2026/02/05 19:50:00,161.44,0.0,HIST-SITE-001,0
2026/02/05 19:55:00,161.44,0.0,HIST-SITE-001,0
2026/02/05 20:00:00,161.44,0.0,HIST-SITE-001,0
2026/02/05 20:05:00,161.44,0.0,HIST-SITE-001,0
2026/02/05 20:10:00,161.44,0.0,HIST-SITE-001,0
2026/02/05 20:15:00,161.44,0.0,HIST-SITE-001,0
2026/02/05 20:20:00,161.44,0.0,HIST-SITE-001,0
2026/02/05 20:25:00,161.44,0.0,HIST-SITE-001,0
2026/02/05 20:30:00,161.44,0.0,HIST-SITE-001,0
2026/02/05 20:35:00,161.44,0.0,HIST-SITE-001,0
2026/02/05 20:40:00,161.44,0.0,HIST-SITE-001,0
2026/02/05 20:45:00,161.44,0.0,HIST-SITE-001,0
2026/02/05 20:50:00,161.44,0.0,HIST-SITE-001,0
2026/02/05 20:55:00,161.44,0.0,HIST-SITE-001,0
2026/02/05 21:00:00,161.44,0.0,HIST-SITE-001,0
2026/02/05 21:05:00,161.44,0.0,HIST-SITE-001,0
2026/02/05 21:10:00,161.44,0.0,HIST-SITE-001,0
2026/02/05 21:15:00,161.44,0.0,HIST-SITE-001,0
2026/02/05 21:20:00,161.44,0.0,HIST-SITE-001,0
2026/02/05 21:25:00,161.44,0.0,HIST-SITE-001,0
2026/02/05 21:30:00,161.44,0.0,HIST-SITE-001,0
2026/02/05 21:35:00,161.44,0.0,HIST-SITE-001,0
2026/02/05 21:40:00,161.44,0.0,HIST-SITE-001,0
2026/02/05 21:45:00,161.44,0.0,HIST-SITE-001,0
2026/02/05 21:50:00,161.44,0.0,HIST-SITE-001,0
2026/02/05 21:55:00,161.44,0.0,HIST-SITE-001,0
2026/02/05 22:00:00,161.44,0.0,HIST-SITE-001,0
2026/02/05 22:05:00,161.44,0.0,HIST-SITE-001,0
2026/02/05 22:10:00,161.44,0.0,HIST-SITE-001,0
2026/02/05 22:15:00,161.44,0.0,HIST-SITE-001,0
2026/02/05 22:20:00,161.44,0.0,HIST-SITE-001,0
2026/02/05 22:25:00,161.44,0.0,HIST-SITE-001,0
2026/02/05 22:30:00,161.44,0.0,HIST-SITE-001,0
2026/02/05 22:35:00,161.44,0.0,HIST-SITE-001,0
2026/02/05 22:40:00,161.44,0.0,HIST-SITE-001,0
2026/02/05 22:45:00,161.44,0.0,HIST-SITE-001,0
2026/02/05 22:50:00,161.44,0.0,HIST-SITE-001,0
2026/02/05 22:55:00,161.44,0.0,HIST-SITE-001,0
2026/02/05 23:00:00,161.44,0.0,HIST-SITE-001,0
2026/02/05 23:05:00,161.44,0.0,HIST-SITE-001,0
2026/02/05 23:10:00,161.44,0.0,HIST-SITE-001,0
2026/02/05 23:15:00,161.44,0.0,HIST-SITE-001,0
2026/02/05 23:20:00,161.44,0.0,HIST-SITE-001,0
2026/02/05 23:25:00,161.44,0.0,HIST-SITE-001,0
2026/02/05 23:30:00,161.44,0.0,HIST-SITE-001,0
2026/02/05 23:35:00,161.44,0.0,HIST-SITE-001,0
2026/02/05 23:40:00,161.44,0.0,HIST-SITE-001,0
2026/02/05 23:45:00,161.44,0.0,HIST-SITE-001,0
2026/02/05 23:50:00,161.44,0.0,HIST-SITE-001,0
2026/02/05 23:55:00,161.44,0.0,HIST-SITE-001,0
2026/02/06 00:00:00,161.44,0.0,HIST-SITE-001,-1
2026/02/06 00:05:00,161.44,0.0,HIST-SITE-001,-1
2026/02/06 00:10:00,161.44,0.0,HIST-SITE-001,-1
2026/02/06 00:15:00,161.44,0.0,HIST-SITE-001,0
2026/02/06 00:20:00,161.44,0.0,HIST-SITE-001,0
2026/02/06 00:25:00,161.44,0.0,HIST-SITE-001,0
2026/02/06 00:30:00,161.44,0.0,HIST-SITE-001,0
2026/02/06 00:35:00,161.44,0.0,HIST-SITE-001,0
2026/02/06 00:40:00,161.44,0.0,HIST-SITE-001,0
2026/02/06 00:45:00,161.44,0.0,HIST-SITE-001,0
2026/02/06 00:50:00,161.44,0.0,HIST-SITE-001,0
2026/02/06 00:55:00,161.44,0.0,HIST-SITE-001,0
2026/02/06 01:00:00,161.44,0.0,HIST-SITE-001,0
2026/02/06 01:05:00,161.44,0.0,HIST-SITE-001,0
2026/02/06 01:10:00,161.44,0.0,HIST-SITE-001,0
2026/02/06 01:15:00,161.44,0.0,HIST-SITE-001,0
2026/02/06 01:20:00,161.44,0.0,HIST-SITE-001,0
2026/02/06 01:25:00,161.44,0.0,HIST-SITE-001,0
2026/02/06 01:30:00,161.44,0.0,HIST-SITE-001,0
2026/02/06 01:35:00,161.44,0.0,HIST-SITE-001,0
2026/02/06 01:40:00,161.44,0.0,HIST-SITE-001,0
2026/02/06 01:45:00,161.44,0.0,HIST-SITE-001,0
2026/02/06 01:50:00,161.44,0.0,HIST-SITE-001,0
2026/02/06 01:55:00,161.44,0.0,HIST-SITE-001,0
2026/02/06 02:00:00,161.44,0.0,HIST-SITE-001,0
2026/02/06 02:05:00,161.44,0.0,HIST-SITE-001,0
2026/02/06 02:10:00,161.44,0.0,HIST-SITE-001,0
2026/02/06 02:15:00,161.44,0.0,HIST-SITE-001,0
2026/02/06 02:20:00,161.44,0.0,HIST-SITE-001,0
2026/02/06 02:25:00,161.44,0.0,HIST-SITE-001,0
2026/02/06 02:30:00,161.44,0.0,HIST-SITE-001,0
2026/02/06 02:35:00,161.44,0.0,HIST-SITE-001,0
2026/02/06 02:40:00,161.44,0.0,HIST-SITE-001,0
2026/02/06 02:45:00,161.44,0.0,HIST-SITE-001,0
2026/02/06 02:50:00,161.44,0.0,HIST-SITE-001,0
2026/02/06 02:55:00,161.44,0.0,HIST-SITE-001,0
2026/02/06 03:00:00,161.44,0.0,HIST-SITE-001,0
2026/02/06 03:05:00,161.44,0.0,HIST-SITE-001,0
2026/02/06 03:10:00,161.44,0.0,HIST-SITE-001,0
2026/02/06 03:15:00,161.44,0.0,HIST-SITE-001,0
2026/02/06 03:20:00,161.44,0.0,HIST-SITE-001,0
2026/02/06 03:25:00,161.44,0.0,HIST-SITE-001,0
2026/02/06 03:30:00,161.44,0.0,HIST-SITE-001,0
2026/02/06 03:35:00,161.44,0.0,HIST-SITE-001,0
2026/02/06 03:40:00,161.44,0.0,HIST-SITE-001,0
2026/02/06 03:45:00,161.44,0.0,HIST-SITE-001,0
2026/02/06 03:50:00,161.44,0.0,HIST-SITE-001,0
2026/02/06 03:55:00,161.44,0.0,HIST-SITE-001,0
2026/02/06 04:00:00,161.44,0.0,HIST-SITE-001,0
2026/02/06 04:05:00,161.44,0.0,HIST-SITE-001,0
2026/02/06 04:10:00,161.44,0.0,HIST-SITE-001,0
2026/02/06 04:15:00,161.44,0.0,HIST-SITE-001,0
2026/02/06 04:20:00,161.44,0.0,HIST-SITE-001,0
2026/02/06 04:25:00,161.44,0.0,HIST-SITE-001,0
2026/02/06 04:30:00,161.44,0.0,HIST-SITE-001,0
2026/02/06 04:35:00,161.44,0.0,HIST-SITE-001,0
2026/02/06 04:40:00,161.44,0.0,HIST-SITE-001,0
2026/02/06 04:45:00,161.44,0.0,HIST-SITE-001,0
2026/02/06 04:50:00,161.44,0.0,HIST-SITE-001,0
2026/02/06 04:55:00,161.44,0.0,HIST-SITE-001,0
2026/02/06 05:00:00,161.44,0.0,HIST-SITE-001,0
2026/02/06 05:05:00,161.44,0.0,HIST-SITE-001,0
2026/02/06 05:10:00,161.44,0.0,HIST-SITE-001,0
2026/02/06 05:15:00,161.44,0.0,HIST-SITE-001,0
2026/02/06 05:20:00,161.44,0.0,HIST-SITE-001,0
2026/02/06 05:25:00,161.44,0.0,HIST-SITE-001,0
2026/02/06 05:30:00,161.44,0.0,HIST-SITE-001,0
2026/02/06 05:35:00,161.44,0.0,HIST-SITE-001,0
2026/02/06 05:40:00,161.44,0.0,HIST-SITE-001,0
2026/02/06 05:45:00,161.44,0.0,HIST-SITE-001,0
2026/02/06 05:50:00,161.44,0.0,HIST-SITE-001,0
2026/02/06 05:55:00,161.44,0.0,HIST-SITE-001,0
2026/02/06 06:00:00,161.44,0.0,HIST-SITE-001,0
2026/02/06 06:05:00,161.44,0.0,HIST-SITE-001,0
2026/02/06 06:10:00,161.46,-0.008,HIST-SITE-001,1
2026/02/06 06:15:00,161.53,0.066,HIST-SITE-001,1
2026/02/06 06:20:00,161.54,0.021,HIST-SITE-001,1
2026/02/06 06:25:00,161.55,0.006,HIST-SITE-001,1
2026/02/06 06:30:00,161.59,0.018,HIST-SITE-001,1
2026/02/06 06:35:00,161.62,0.029,HIST-SITE-001,1
2026/02/06 06:40:00,161.71,0.086,HIST-SITE-001,1
2026/02/06 06:45:00,161.77,0.08,HIST-SITE-001,1
2026/02/06 06:50:00,161.89,0.114,HIST-SITE-001,1
2026/02/06 06:55:00,162.02,0.093,HIST-SITE-001,1
2026/02/06 07:00:00,162.14,0.137,HIST-SITE-001,1
2026/02/06 07:05:00,162.38,0.221,HIST-SITE-001,1
2026/02/06 07:10:00,162.49,0.114,HIST-SITE-001,1
2026/02/06 07:15:00,162.69,0.191,HIST-SITE-001,1
2026/02/06 07:20:00,162.9,0.164,HIST-SITE-001,1
2026/02/06 07:25:00,163.12,0.189,HIST-SITE-001,1
2026/02/06 07:30:00,163.33,0.211,HIST-SITE-001,1
2026/02/06 07:35:00,163.58,0.28,HIST-SITE-001,1
2026/02/06 07:40:00,163.86,0.312,HIST-SITE-001,1
2026/02/06 07:45:00,164.08,0.211,HIST-SITE-001,1
2026/02/06 07:50:00,164.32,0.218,HIST-SITE-001,1
2026/02/06 07:55:00,164.56,0.221,HIST-SITE-001,1
2026/02/06 08:00:00,164.81,0.245,HIST-SITE-001,1
2026/02/06 08:05:00,165.09,0.293,HIST-SITE-001,1
2026/02/06 08:10:00,165.34,0.223,HIST-SITE-001,1
2026/02/06 08:15:00,165.64,0.297,HIST-SITE-001,1
2026/02/06 08:20:00,165.98,0.315,HIST-SITE-001,1
2026/02/06 08:25:00,166.3,0.319,HIST-SITE-001,1
2026/02/06 08:30:00,166.65,0.293,HIST-SITE-001,1
2026/02/06 08:35:00,167.01,0.326,HIST-SITE-001,1
2026/02/06 08:40:00,167.35,0.336,HIST-SITE-001,1
2026/02/06 08:45:00,167.74,0.377,HIST-SITE-001,1
2026/02/06 08:50:00,168.06,0.281,HIST-SITE-001,1
2026/02/06 08:55:00,168.45,0.371,HIST-SITE-001,1
2026/02/06 09:00:00,168.86,0.379,HIST-SITE-001,1
2026/02/06 09:05:00,169.22,0.345,HIST-SITE-001,1
2026/02/06 09:10:00,169.59,0.352,HIST-SITE-001,1
2026/02/06 09:15:00,170.06,0.46,HIST-SITE-001,1
2026/02/06 09:20:00,170.44,0.366,HIST-SITE-001,1
2026/02/06 09:25:00,170.84,0.385,HIST-SITE-001,1
2026/02/06 09:30:00,171.32,0.451,HIST-SITE-001,1
2026/02/06 09:35:00,171.75,0.413,HIST-SITE-001,1
2026/02/06 09:40:00,172.24,0.448,HIST-SITE-001,1
2026/02/06 09:45:00,172.71,0.421,HIST-SITE-001,1
2026/02/06 09:50:00,173.23,0.459,HIST-SITE-001,1
2026/02/06 09:55:00,173.72,0.476,HIST-SITE-001,1
2026/02/06 10:00:00,174.21,0.464,HIST-SITE-001,1
2026/02/06 10:05:00,174.69,0.462,HIST-SITE-001,1
2026/02/06 10:10:00,175.25,0.535,HIST-SITE-001,1
2026/02/06 10:15:00,175.65,0.371,HIST-SITE-001,1
2026/02/06 10:20:00,176.07,0.414,HIST-SITE-001,1
2026/02/06 10:25:00,176.64,0.512,HIST-SITE-001,1
2026/02/06 10:30:00,177.11,0.46,HIST-SITE-001,1
2026/02/06 10:35:00,177.66,0.507,HIST-SITE-001,1
2026/02/06 10:40:00,178.1,0.432,HIST-SITE-001,1
2026/02/06 10:45:00,178.58,0.453,HIST-SITE-001,1
2026/02/06 10:50:00,179.11,0.524,HIST-SITE-001,1
2026/02/06 10:55:00,179.6,0.451,HIST-SITE-001,1
2026/02/06 11:00:00,180.11,0.476,HIST-SITE-001,1
2026/02/06 11:05:00,180.69,0.527,HIST-SITE-001,1
2026/02/06 11:10:00,181.24,0.525,HIST-SITE-001,1
2026/02/06 11:15:00,181.78,0.53,HIST-SITE-001,1
2026/02/06 11:20:00,182.22,0.436,HIST-SITE-001,1
2026/02/06 11:25:00,182.75,0.53,HIST-SITE-001,1
2026/02/06 11:30:00,183.26,0.503,HIST-SITE-001,1
2026/02/06 11:35:00,183.82,0.5,HIST-SITE-001,1
2026/02/06 11:40:00,184.34,0.467,HIST-SITE-001,1
2026/02/06 11:45:00,184.91,0.58,HIST-SITE-001,1
2026/02/06 11:50:00,185.43,0.495,HIST-SITE-001,1
2026/02/06 11:55:00,185.98,0.517,HIST-SITE-001,1
2026/02/06 12:00:00,186.54,0.566,HIST-SITE-001,1
2026/02/06 12:05:00,187.11,0.523,HIST-SITE-001,1
2026/02/06 12:10:00,187.66,0.567,HIST-SITE-001,1
2026/02/06 12:15:00,188.28,0.584,HIST-SITE-001,1
2026/02/06 12:20:00,188.85,0.57,HIST-SITE-001,1
2026/02/06 12:25:00,189.38,0.489,HIST-SITE-001,1
2026/02/06 12:30:00,189.92,0.504,HIST-SITE-001,1
2026/02/06 12:35:00,190.35,0.423,HIST-SITE-001,1
2026/02/06 12:40:00,190.99,0.616,HIST-SITE-001,1
2026/02/06 12:45:00,191.58,0.574,HIST-SITE-001,1
2026/02/06 12:50:00,192.12,0.536,HIST-SITE-001,1
2026/02/06 12:55:00,192.65,0.532,HIST-SITE-001,1
2026/02/06 13:00:00,193.11,0.418,HIST-SITE-001,1
2026/02/06 13:05:00,193.69,0.529,HIST-SITE-001,1
2026/02/06 13:10:00,194.13,0.417,HIST-SITE-001,1
2026/02/06 13:15:00,194.67,0.515,HIST-SITE-001,1
2026/02/06 13:20:00,195.3,0.634,HIST-SITE-001,1
2026/02/06 13:25:00,195.85,0.509,HIST-SITE-001,1
2026/02/06 13:30:00,196.45,0.575,HIST-SITE-001,1
2026/02/06 13:35:00,196.98,0.516,HIST-SITE-001,1
2026/02/06 13:40:00,197.48,0.48,HIST-SITE-001,1
2026/02/06 13:45:00,198.06,0.579,HIST-SITE-001,1
2026/02/06 13:50:00,198.6,0.519,HIST-SITE-001,1
2026/02/06 13:55:00,199.07,0.468,HIST-SITE-001,1
2026/02/06 14:00:00,199.57,0.499,HIST-SITE-001,1
2026/02/06 14:05:00,200.07,0.477,HIST-SITE-001,1
2026/02/06 14:10:00,200.58,0.5,HIST-SITE-001,1
2026/02/06 14:15:00,201.01,0.4,HIST-SITE-001,1
2026/02/06 14:20:00,201.47,0.456,HIST-SITE-001,1
2026/02/06 14:25:00,202.0,0.516,HIST-SITE-001,1
2026/02/06 14:30:00,202.52,0.514,HIST-SITE-001,1
2026/02/06 14:35:00,203.04,0.497,HIST-SITE-001,1
2026/02/06 14:40:00,203.55,0.528,HIST-SITE-001,1
2026/02/06 14:45:00,204.03,0.453,HIST-SITE-001,1
2026/02/06 14:50:00,204.5,0.466,HIST-SITE-001,1
2026/02/06 14:55:00,205.01,0.489,HIST-SITE-001,1
2026/02/06 15:00:00,205.45,0.417,HIST-SITE-001,1
2026/02/06 15:05:00,205.87,0.352,HIST-SITE-001,1
2026/02/06 15:10:00,206.3,0.405,HIST-SITE-001,1
2026/02/06 15:15:00,206.82,0.5,HIST-SITE-001,1
2026/02/06 15:20:00,207.18,0.334,HIST-SITE-001,1
2026/02/06 15:25:00,207.65,0.426,HIST-SITE-001,1
2026/02/06 15:30:00,208.0,0.32,HIST-SITE-001,1
2026/02/06 15:35:00,208.35,0.328,HIST-SITE-001,1
2026/02/06 15:40:00,208.72,0.347,HIST-SITE-001,1
2026/02/06 15:45:00,209.04,0.289,HIST-SITE-001,1
2026/02/06 15:50:00,209.41,0.342,HIST-SITE-001,1
2026/02/06 15:55:00,209.78,0.307,HIST-SITE-001,1
2026/02/06 16:00:00,210.07,0.271,HIST-SITE-001,1
2026/02/06 16:05:00,210.42,0.351,HIST-SITE-001,1
2026/02/06 16:10:00,210.74,0.329,HIST-SITE-001,1
2026/02/06 16:15:00,211.01,0.254,HIST-SITE-001,1
2026/02/06 16:20:00,211.35,0.292,HIST-SITE-001,1
2026/02/06 16:25:00,211.61,0.271,HIST-SITE-001,1
2026/02/06 16:30:00,211.84,0.23,HIST-SITE-001,1
2026/02/06 16:35:00,212.12,0.261,HIST-SITE-001,1
2026/02/06 16:40:00,212.36,0.266,HIST-SITE-001,1
2026/02/06 16:45:00,212.61,0.275,HIST-SITE-001,1
2026/02/06 16:50:00,212.85,0.227,HIST-SITE-001,1
2026/02/06 16:55:00,213.01,0.186,HIST-SITE-001,1
2026/02/06 17:00:00,213.25,0.235,HIST-SITE-001,1
2026/02/06 17:05:00,213.48,0.199,HIST-SITE-001,1
2026/02/06 17:10:00,213.63,0.161,HIST-SITE-001,1
2026/02/06 17:15:00,213.85,0.2,HIST-SITE-001,1
2026/02/06 17:20:00,214.03,0.166,HIST-SITE-001,1
2026/02/06 17:25:00,214.2,0.171,HIST-SITE-001,1
2026/02/06 17:30:00,214.3,0.055,HIST-SITE-001,1
2026/02/06 17:35:00,214.43,0.118,HIST-SITE-001,1
2026/02/06 17:40:00,214.53,0.096,HIST-SITE-001,1
2026/02/06 17:45:00,214.66,0.156,HIST-SITE-001,1
2026/02/06 17:50:00,214.75,0.111,HIST-SITE-001,1
2026/02/06 17:55:00,214.81,0.074,HIST-SITE-001,1
2026/02/06 18:00:00,214.83,0.035,HIST-SITE-001,1
2026/02/06 18:05:00,214.85,-0.021,HIST-SITE-001,1
2026/02/06 18:10:00,214.92,0.068,HIST-SITE-001,1
2026/02/06 18:15:00,214.98,0.049,HIST-SITE-001,1
2026/02/06 18:20:00,215.06,0.069,HIST-SITE-001,1
2026/02/06 18:25:00,215.07,-0.01,HIST-SITE-001,1
2026/02/06 18:30:00,215.07,0.0,HIST-SITE-001,0
2026/02/06 18:35:00,215.07,0.0,HIST-SITE-001,0
2026/02/06 18:40:00,215.07,0.0,HIST-SITE-001,0
2026/02/06 18:45:00,215.07,0.0,HIST-SITE-001,0
2026/02/06 18:50:00,215.07,0.0,HIST-SITE-001,0
2026/02/06 18:55:00,215.07,0.0,HIST-SITE-001,0
2026/02/06 19:00:00,215.07,0.0,HIST-SITE-001,0
2026/02/06 19:05:00,215.07,0.0,HIST-SITE-001,0
2026/02/06 19:10:00,215.07,0.0,HIST-SITE-001,0
2026/02/06 19:15:00,215.07,0.0,HIST-SITE-001,0
2026/02/06 19:20:00,215.07,0.0,HIST-SITE-001,0
2026/02/06 19:25:00,215.07,0.0,HIST-SITE-001,0
2026/02/06 19:30:00,215.07,0.0,HIST-SITE-001,0
2026/02/06 19:35:00,215.07,0.0,HIST-SITE-001,0
2026/02/06 19:40:00,215.07,0.0,HIST-SITE-001,0
2026/02/06 19:45:00,215.07,0.0,HIST-SITE-001,0
2026/02/06 19:50:00,215.07,0.0,HIST-SITE-001,0
2026/02/06 19:55:00,215.07,0.0,HIST-SITE-001,0
2026/02/06 20:00:00,215.07,0.0,HIST-SITE-001,0
2026/02/06 20:05:00,215.07,0.0,HIST-SITE-001,0
2026/02/06 20:10:00,215.07,0.0,HIST-SITE-001,0
2026/02/06 20:15:00,215.07,0.0,HIST-SITE-001,0
2026/02/06 20:20:00,215.07,0.0,HIST-SITE-001,0
2026/02/06 20:25:00,215.07,0.0,HIST-SITE-001,0
2026/02/06 20:30:00,215.07,0.0,HIST-SITE-001,0
2026/02/06 20:35:00,215.07,0.0,HIST-SITE-001,0
2026/02/06 20:40:00,215.07,0.0,HIST-SITE-001,0
2026/02/06 20:45:00,215.07,0.0,HIST-SITE-001,0
2026/02/06 20:50:00,215.07,0.0,HIST-SITE-001,0
2026/02/06 20:55:00,215.07,0.0,HIST-SITE-001,0
2026/02/06 21:00:00,215.07,0.0,HIST-SITE-001,0
2026/02/06 21:05:00,215.07,0.0,HIST-SITE-001,0
2026/02/06 21:10:00,215.07,0.0,HIST-SITE-001,0
2026/02/06 21:15:00,215.07,0.0,HIST-SITE-001,0
2026/02/06 21:20:00,215.07,0.0,HIST-SITE-001,0
2026/02/06 21:25:00,215.07,0.0,HIST-SITE-001,0
2026/02/06 21:30:00,215.07,0.0,HIST-SITE-001,0
2026/02/06 21:35:00,215.07,0.0,HIST-SITE-001,0
2026/02/06 21:40:00,215.07,0.0,HIST-SITE-001,0
2026/02/06 21:45:00,215.07,0.0,HIST-SITE-001,0
2026/02/06 21:50:00,215.07,0.0,HIST-SITE-001,0
2026/02/06 21:55:00,215.07,0.0,HIST-SITE-001,0
2026/02/06 22:00:00,215.07,0.0,HIST-SITE-001,0
2026/02/06 22:05:00,215.07,0.0,HIST-SITE-001,0
2026/02/06 22:10:00,215.07,0.0,HIST-SITE-001,0
2026/02/06 22:15:00,215.07,0.0,HIST-SITE-001,0
2026/02/06 22:20:00,215.07,0.0,HIST-SITE-001,0
2026/02/06 22:25:00,215.07,0.0,HIST-SITE-001,0
2026/02/06 22:30:00,215.07,0.0,HIST-SITE-001,0
2026/02/06 22:35:00,215.07,0.0,HIST-SITE-001,0
2026/02/06 22:40:00,215.07,0.0,HIST-SITE-001,0
2026/02/06 22:45:00,215.07,0.0,HIST-SITE-001,0
2026/02/06 22:50:00,215.07,0.0,HIST-SITE-001,0
2026/02/06 22:55:00,215.07,0.0,HIST-SITE-001,0
2026/02/06 23:00:00,215.07,0.0,HIST-SITE-001,0
2026/02/06 23:05:00,215.07,0.0,HIST-SITE-001,0
2026/02/06 23:10:00,215.07,0.0,HIST-SITE-001,0
2026/02/06 23:15:00,215.07,0.0,HIST-SITE-001,0
2026/02/06 23:20:00,215.07,0.0,HIST-SITE-001,0
2026/02/06 23:25:00,215.07,0.0,HIST-SITE-001,0
2026/02/06 23:30:00,215.07,0.0,HIST-SITE-001,0
2026/02/06 23:35:00,215.07,0.0,HIST-SITE-001,0
2026/02/06 23:40:00,215.07,0.0,HIST-SITE-001,0
2026/02/06 23:45:00,215.07,0.0,HIST-SITE-001,0
2026/02/06 23:50:00,215.07,0.0,HIST-SITE-001,0
2026/02/06 23:55:00,215.07,0.0,HIST-SITE-001,0
2026/02/07 00:00:00,215.07,0.0,HIST-SITE-001,0
2026/02/07 00:05:00,215.07,0.0,HIST-SITE-001,0
2026/02/07 00:10:00,215.07,0.0,HIST-SITE-001,0
2026/02/07 00:15:00,215.07,0.0,HIST-SITE-001,0
2026/02/07 00:20:00,215.07,0.0,HIST-SITE-001,0
2026/02/07 00:25:00,215.07,0.0,HIST-SITE-001,0
2026/02/07 00:30:00,215.07,0.0,HIST-SITE-001,0
2026/02/07 00:35:00,215.07,0.0,HIST-SITE-001,0
2026/02/07 00:40:00,215.07,0.0,HIST-SITE-001,0
2026/02/07 00:45:00,215.07,0.0,HIST-SITE-001,0
2026/02/07 00:50:00,215.07,0.0,HIST-SITE-001,0
2026/02/07 00:55:00,215.07,0.0,HIST-SITE-001,0
2026/02/07 01:00:00,215.07,0.0,HIST-SITE-001,0
2026/02/07 01:05:00,215.07,0.0,HIST-SITE-001,0
2026/02/07 01:10:00,215.07,0.0,HIST-SITE-001,0
2026/02/07 01:15:00,215.07,0.0,HIST-SITE-001,0
2026/02/07 01:20:00,215.07,0.0,HIST-SITE-001,0
2026/02/07 01:25:00,215.07,0.0,HIST-SITE-001,0
2026/02/07 01:30:00,215.07,0.0,HIST-SITE-001,0
2026/02/07 01:35:00,215.07,0.0,HIST-SITE-001,0
2026/02/07 01:40:00,215.07,0.0,HIST-SITE-001,0
2026/02/07 01:45:00,215.07,0.0,HIST-SITE-001,0
2026/02/07 01:50:00,215.07,0.0,HIST-SITE-001,0
2026/02/07 01:55:00,215.07,0.0,HIST-SITE-001,0
2026/02/07 02:00:00,215.07,0.0,HIST-SITE-001,0
2026/02/07 02:05:00,215.07,0.0,HIST-SITE-001,0
2026/02/07 02:10:00,215.07,0.0,HIST-SITE-001,0
2026/02/07 02:15:00,215.07,0.0,HIST-SITE-001,0
2026/02/07 02:20:00,215.07,0.0,HIST-SITE-001,0
2026/02/07 02:25:00,215.07,0.0,HIST-SITE-001,0
2026/02/07 02:30:00,215.07,0.0,HIST-SITE-001,0
2026/02/07 02:35:00,215.07,0.0,HIST-SITE-001,0
2026/02/07 02:40:00,215.07,0.0,HIST-SITE-001,0
2026/02/07 02:45:00,215.07,0.0,HIST-SITE-001,0
2026/02/07 02:50:00,215.07,0.0,HIST-SITE-001,0
2026/02/07 02:55:00,215.07,0.0,HIST-SITE-001,0
2026/02/07 03:00:00,215.07,0.0,HIST-SITE-001,0
2026/02/07 03:05:00,215.07,0.0,HIST-SITE-001,0
2026/02/07 03:10:00,215.07,0.0,HIST-SITE-001,0
2026/02/07 03:15:00,215.07,0.0,HIST-SITE-001,0
2026/02/07 03:20:00,215.07,0.0,HIST-SITE-001,0
2026/02/07 03:25:00,215.07,0.0,HIST-SITE-001,0
2026/02/07 03:30:00,215.07,0.0,HIST-SITE-001,0
2026/02/07 03:35:00,215.07,0.0,HIST-SITE-001,0
2026/02/07 03:40:00,215.07,0.0,HIST-SITE-001,0
2026/02/07 03:45:00,215.07,0.0,HIST-SITE-001,0
2026/02/07 03:50:00,215.07,0.0,HIST-SITE-001,0
2026/02/07 03:55:00,215.07,0.0,HIST-SITE-001,0
2026/02/07 04:00:00,215.07,0.0,HIST-SITE-001,0
2026/02/07 04:05:00,215.07,0.0,HIST-SITE-001,0
2026/02/07 04:10:00,215.07,0.0,HIST-SITE-001,0
2026/02/07 04:15:00,215.07,0.0,HIST-SITE-001,0
2026/02/07 04:20:00,215.07,0.0,HIST-SITE-001,0
2026/02/07 04:25:00,215.07,0.0,HIST-SITE-001,0
2026/02/07 04:30:00,215.07,0.0,HIST-SITE-001,0
2026/02/07 04:35:00,215.07,0.0,HIST-SITE-001,0
2026/02/07 04:40:00,215.07,0.0,HIST-SITE-001,0
2026/02/07 04:45:00,215.07,0.0,HIST-SITE-001,0
2026/02/07 04:50:00,215.07,0.0,HIST-SITE-001,0
2026/02/07 04:55:00,215.07,0.0,HIST-SITE-001,0
2026/02/07 05:00:00,215.07,0.0,HIST-SITE-001,0
2026/02/07 05:05:00,215.07,0.0,HIST-SITE-001,0
2026/02/07 05:10:00,215.07,0.0,HIST-SITE-001,0
2026/02/07 05:15:00,215.07,0.0,HIST-SITE-001,0
2026/02/07 05:20:00,215.07,0.0,HIST-SITE-001,0
2026/02/07 05:25:00,215.07,0.0,HIST-SITE-001,0
2026/02/07 05:30:00,215.07,0.0,HIST-SITE-001,0
2026/02/07 05:35:00,215.07,0.0,HIST-SITE-001,0
2026/02/07 05:40:00,215.07,0.0,HIST-SITE-001,0
2026/02/07 05:45:00,215.07,0.0,HIST-SITE-001,0
2026/02/07 05:50:00,215.07,0.0,HIST-SITE-001,0
2026/02/07 05:55:00,215.07,0.0,HIST-SITE-001,0
2026/02/07 06:00:00,215.07,0.0,HIST-SITE-001,0
2026/02/07 06:05:00,215.07,0.0,HIST-SITE-001,0
2026/02/07 06:10:00,215.07,0.0,HIST-SITE-001,0
2026/02/07 06:15:00,215.13,0.097,HIST-SITE-001,1
2026/02/07 06:20:00,215.18,0.042,HIST-SITE-001,1
2026/02/07 06:25:00,215.2,-0.01,HIST-SITE-001,1
2026/02/07 06:30:00,215.23,0.056,HIST-SITE-001,1
2026/02/07 06:35:00,215.29,0.064,HIST-SITE-001,1
2026/02/07 06:40:00,215.42,0.134,HIST-SITE-001,1
2026/02/07 06:45:00,215.54,0.118,HIST-SITE-001,1
2026/02/07 06:50:00,215.59,0.067,HIST-SITE-001,1
2026/02/07 06:55:00,215.62,0.065,HIST-SITE-001,1
2026/02/07 07:00:00,215.79,0.177,HIST-SITE-001,1
2026/02/07 07:05:00,215.93,0.128,HIST-SITE-001,1
2026/02/07 07:10:00,216.13,0.212,HIST-SITE-001,1
2026/02/07 07:15:00,216.31,0.17,HIST-SITE-001,1
2026/02/07 07:20:00,216.48,0.175,HIST-SITE-001,1
2026/02/07 07:25:00,216.67,0.212,HIST-SITE-001,1
2026/02/07 07:30:00,216.88,0.188,HIST-SITE-001,1
2026/02/07 07:35:00,217.11,0.192,HIST-SITE-001,1
2026/02/07 07:40:00,217.32,0.151,HIST-SITE-001,1
2026/02/07 07:45:00,217.6,0.261,HIST-SITE-001,1
2026/02/07 07:50:00,217.83,0.23,HIST-SITE-001,1
2026/02/07 07:55:00,218.12,0.234,HIST-SITE-001,1
2026/02/07 08:00:00,218.38,0.268,HIST-SITE-001,1
2026/02/07 08:05:00,218.61,0.207,HIST-SITE-001,1
2026/02/07 08:10:00,218.92,0.303,HIST-SITE-001,1
2026/02/07 08:15:00,219.2,0.285,HIST-SITE-001,1
2026/02/07 08:20:00,219.47,0.246,HIST-SITE-001,1
2026/02/07 08:25:00,219.77,0.282,HIST-SITE-001,1
2026/02/07 08:30:00,220.1,0.279,HIST-SITE-001,1
2026/02/07 08:35:00,220.43,0.334,HIST-SITE-001,1
2026/02/07 08:40:00,220.83,0.383,HIST-SITE-001,1
2026/02/07 08:45:00,221.18,0.354,HIST-SITE-001,1
2026/02/07 08:50:00,221.5,0.273,HIST-SITE-001,1
2026/02/07 08:55:00,221.87,0.347,HIST-SITE-001,1
2026/02/07 09:00:00,222.27,0.384,HIST-SITE-001,1
2026/02/07 09:05:00,222.69,0.421,HIST-SITE-001,1
2026/02/07 09:10:00,223.09,0.388,HIST-SITE-001,1
2026/02/07 09:15:00,223.43,0.299,HIST-SITE-001,1
2026/02/07 09:20:00,223.89,0.472,HIST-SITE-001,1
2026/02/07 09:25:00,224.38,0.492,HIST-SITE-001,1
2026/02/07 09:30:00,224.81,0.423,HIST-SITE-001,1
2026/02/07 09:35:00,225.27,0.457,HIST-SITE-001,1
2026/02/07 09:40:00,225.75,0.441,HIST-SITE-001,1
2026/02/07 09:45:00,226.24,0.483,HIST-SITE-001,1
2026/02/07 09:50:00,226.73,0.455,HIST-SITE-001,1
2026/02/07 09:55:00,227.22,0.473,HIST-SITE-001,1
2026/02/07 10:00:00,227.67,0.456,HIST-SITE-001,1
2026/02/07 10:05:00,228.16,0.463,HIST-SITE-001,1
2026/02/07 10:10:00,228.68,0.474,HIST-SITE-001,1
2026/02/07 10:15:00,229.24,0.52,HIST-SITE-001,1
2026/02/07 10:20:00,229.8,0.472,HIST-SITE-001,1
2026/02/07 10:25:00,230.31,0.48,HIST-SITE-001,1
2026/02/07 10:30:00,230.8,0.492,HIST-SITE-001,1
2026/02/07 10:35:00,231.33,0.53,HIST-SITE-001,1
2026/02/07 10:40:00,231.86,0.533,HIST-SITE-001,1
2026/02/07 10:45:00,232.36,0.481,HIST-SITE-001,1
2026/02/07 10:50:00,232.9,0.499,HIST-SITE-001,1
2026/02/07 10:55:00,233.42,0.512,HIST-SITE-001,1
2026/02/07 11:00:00,233.93,0.47,HIST-SITE-001,1
2026/02/07 11:05:00,234.47,0.526,HIST-SITE-001,1
2026/02/07 11:10:00,235.06,0.534,HIST-SITE-001,1
2026/02/07 11:15:00,235.54,0.471,HIST-SITE-001,1
2026/02/07 11:20:00,236.15,0.626,HIST-SITE-001,1
2026/02/07 11:25:00,236.67,0.506,HIST-SITE-001,1
2026/02/07 11:30:00,237.12,0.449,HIST-SITE-001,1
2026/02/07 11:35:00,237.66,0.478,HIST-SITE-001,1
2026/02/07 11:40:00,238.24,0.559,HIST-SITE-001,1
2026/02/07 11:45:00,238.64,0.349,HIST-SITE-001,1
2026/02/07 11:50:00,239.16,0.476,HIST-SITE-001,1
2026/02/07 11:55:00,239.71,0.533,HIST-SITE-001,1
2026/02/07 12:00:00,240.28,0.555,HIST-SITE-001,1
2026/02/07 12:05:00,240.8,0.494,HIST-SITE-001,1
2026/02/07 12:10:00,241.39,0.568,HIST-SITE-001,1
2026/02/07 12:15:00,241.97,0.532,HIST-SITE-001,1
2026/02/07 12:20:00,242.55,0.574,HIST-SITE-001,1
2026/02/07 12:25:00,243.04,0.511,HIST-SITE-001,1
2026/02/07 12:30:00,243.59,0.528,HIST-SITE-001,1
2026/02/07 12:35:00,244.04,0.432,HIST-SITE-001,1
2026/02/07 12:40:00,244.58,0.515,HIST-SITE-001,1
2026/02/07 12:45:00,245.1,0.453,HIST-SITE-001,1
2026/02/07 12:50:00,245.67,0.547,HIST-SITE-001,1
2026/02/07 12:55:00,246.18,0.498,HIST-SITE-001,1
2026/02/07 13:00:00,246.71,0.539,HIST-SITE-001,1
2026/02/07 13:05:00,247.3,0.539,HIST-SITE-001,1
2026/02/07 13:10:00,247.78,0.459,HIST-SITE-001,1
2026/02/07 13:15:00,248.3,0.511,HIST-SITE-001,1
2026/02/07 13:20:00,248.89,0.556,HIST-SITE-001,1
2026/02/07 13:25:00,249.45,0.543,HIST-SITE-001,1
2026/02/07 13:30:00,249.97,0.525,HIST-SITE-001,1
2026/02/07 13:35:00,250.51,0.497,HIST-SITE-001,1
2026/02/07 13:40:00,251.08,0.607,HIST-SITE-001,1
2026/02/07 13:45:00,251.61,0.474,HIST-SITE-001,1
2026/02/07 13:50:00,252.19,0.554,HIST-SITE-001,1
2026/02/07 13:55:00,252.68,0.468,HIST-SITE-001,1
2026/02/07 14:00:00,253.22,0.538,HIST-SITE-001,1
2026/02/07 14:05:00,253.73,0.482,HIST-SITE-001,1
2026/02/07 14:10:00,254.29,0.533,HIST-SITE-001,1
2026/02/07 14:15:00,254.83,0.517,HIST-SITE-001,1
2026/02/07 14:20:00,255.36,0.511,HIST-SITE-001,1
2026/02/07 14:25:00,255.84,0.492,HIST-SITE-001,1
2026/02/07 14:30:00,256.23,0.333,HIST-SITE-001,1
2026/02/07 14:35:00,256.68,0.453,HIST-SITE-001,1
2026/02/07 14:40:00,257.15,0.45,HIST-SITE-001,1
2026/02/07 14:45:00,257.57,0.388,HIST-SITE-001,1
2026/02/07 14:50:00,257.97,0.404,HIST-SITE-001,1
2026/02/07 14:55:00,258.42,0.466,HIST-SITE-001,1
2026/02/07 15:00:00,258.84,0.375,HIST-SITE-001,1
2026/02/07 15:05:00,259.26,0.397,HIST-SITE-001,1
2026/02/07 15:10:00,259.72,0.457,HIST-SITE-001,1
2026/02/07 15:15:00,260.1,0.349,HIST-SITE-001,1
2026/02/07 15:20:00,260.5,0.379,HIST-SITE-001,1
2026/02/07 15:25:00,260.86,0.335,HIST-SITE-001,1
2026/02/07 15:30:00,261.27,0.414,HIST-SITE-001,1
2026/02/07 15:35:00,261.6,0.33,HIST-SITE-001,1
2026/02/07 15:40:00,261.97,0.315,HIST-SITE-001,1
2026/02/07 15:45:00,262.31,0.341,HIST-SITE-001,1
2026/02/07 15:50:00,262.72,0.403,HIST-SITE-001,1
2026/02/07 15:55:00,263.04,0.333,HIST-SITE-001,1
2026/02/07 16:00:00,263.38,0.327,HIST-SITE-001,1
2026/02/07 16:05:00,263.69,0.273,HIST-SITE-001,1
2026/02/07 16:10:00,263.99,0.282,HIST-SITE-001,1
2026/02/07 16:15:00,264.27,0.259,HIST-SITE-001,1
2026/02/07 16:20:00,264.56,0.255,HIST-SITE-001,1
2026/02/07 16:25:00,264.85,0.27,HIST-SITE-001,1
2026/02/07 16:30:00,265.13,0.255,HIST-SITE-001,1
2026/02/07 16:35:00,265.38,0.232,HIST-SITE-001,1
2026/02/07 16:40:00,265.64,0.258,HIST-SITE-001,1
2026/02/07 16:45:00,265.85,0.2,HIST-SITE-001,1
2026/02/07 16:50:00,266.1,0.236,HIST-SITE-001,1
2026/02/07 16:55:00,266.38,0.269,HIST-SITE-001,1
2026/02/07 17:00:00,266.54,0.121,HIST-SITE-001,1
2026/02/07 17:05:00,266.68,0.112,HIST-SITE-001,1
2026/02/07 17:10:00,266.85,0.167,HIST-SITE-001,1
2026/02/07 17:15:00,267.01,0.178,HIST-SITE-001,1
2026/02/07 17:20:00,267.14,0.106,HIST-SITE-001,1
2026/02/07 17:25:00,267.23,0.099,HIST-SITE-001,1
2026/02/07 17:30:00,267.34,0.139,HIST-SITE-001,1
2026/02/07 17:35:00,267.5,0.142,HIST-SITE-001,1
2026/02/07 17:40:00,267.62,0.114,HIST-SITE-001,1
2026/02/07 17:45:00,267.74,0.12,HIST-SITE-001,1
2026/02/07 17:50:00,267.86,0.103,HIST-SITE-001,1
2026/02/07 17:55:00,267.95,0.064,HIST-SITE-001,1
2026/02/07 18:00:00,267.97,0.026,HIST-SITE-001,1
2026/02/07 18:05:00,268.01,0.039,HIST-SITE-001,1
2026/02/07 18:10:00,268.06,0.007,HIST-SITE-001,1
2026/02/07 18:15:00,268.06,0.0,HIST-SITE-001,0
2026/02/07 18:20:00,268.09,0.015,HIST-SITE-001,1
2026/02/07 18:25:00,268.09,0.0,HIST-SITE-001,0
2026/02/07 18:30:00,268.09,0.0,HIST-SITE-001,0
2026/02/07 18:35:00,268.09,0.0,HIST-SITE-001,0
2026/02/07 18:40:00,268.09,0.0,HIST-SITE-001,0
2026/02/07 18:45:00,268.09,0.0,HIST-SITE-001,0
2026/02/07 18:50:00,268.09,0.0,HIST-SITE-001,0
2026/02/07 18:55:00,268.09,0.0,HIST-SITE-001,0
2026/02/07 19:00:00,268.09,0.0,HIST-SITE-001,0
2026/02/07 19:05:00,268.09,0.0,HIST-SITE-001,0
2026/02/07 19:10:00,268.09,0.0,HIST-SITE-001,0
2026/02/07 19:15:00,268.09,0.0,HIST-SITE-001,0
2026/02/07 19:20:00,268.09,0.0,HIST-SITE-001,0
2026/02/07 19:25:00,268.09,0.0,HIST-SITE-001,0
2026/02/07 19:30:00,268.09,0.0,HIST-SITE-001,0
2026/02/07 19:35:00,268.09,0.0,HIST-SITE-001,0
2026/02/07 19:40:00,268.09,0.0,HIST-SITE-001,0
2026/02/07 19:45:00,268.09,0.0,HIST-SITE-001,0
2026/02/07 19:50:00,268.09,0.0,HIST-SITE-001,0
2026/02/07 19:55:00,268.09,0.0,HIST-SITE-001,0
2026/02/07 20:00:00,268.09,0.0,HIST-SITE-001,0
2026/02/07 20:05:00,268.09,0.0,HIST-SITE-001,0
2026/02/07 20:10:00,268.09,0.0,HIST-SITE-001,0
2026/02/07 20:15:00,268.09,0.0,HIST-SITE-001,0
2026/02/07 20:20:00,268.09,0.0,HIST-SITE-001,0
2026/02/07 20:25:00,268.09,0.0,HIST-SITE-001,0
2026/02/07 20:30:00,268.09,0.0,HIST-SITE-001,0
2026/02/07 20:35:00,268.09,0.0,HIST-SITE-001,0
2026/02/07 20:40:00,268.09,0.0,HIST-SITE-001,0
2026/02/07 20:45:00,268.09,0.0,HIST-SITE-001,0
2026/02/07 20:50:00,268.09,0.0,HIST-SITE-001,0
2026/02/07 20:55:00,268.09,0.0,HIST-SITE-001,0
2026/02/07 21:00:00,268.09,0.0,HIST-SITE-001,0
2026/02/07 21:05:00,268.09,0.0,HIST-SITE-001,0
2026/02/07 21:10:00,268.09,0.0,HIST-SITE-001,0
2026/02/07 21:15:00,268.09,0.0,HIST-SITE-001,0
2026/02/07 21:20:00,268.09,0.0,HIST-SITE-001,0
2026/02/07 21:25:00,268.09,0.0,HIST-SITE-001,0
2026/02/07 21:30:00,268.09,0.0,HIST-SITE-001,0
2026/02/07 21:35:00,268.09,0.0,HIST-SITE-001,0
2026/02/07 21:40:00,268.09,0.0,HIST-SITE-001,0
2026/02/07 21:45:00,268.09,0.0,HIST-SITE-001,0
2026/02/07 21:50:00,268.09,0.0,HIST-SITE-001,0
2026/02/07 21:55:00,268.09,0.0,HIST-SITE-001,0
2026/02/07 22:00:00,268.09,0.0,HIST-SITE-001,0
2026/02/07 22:05:00,268.09,0.0,HIST-SITE-001,0
2026/02/07 22:10:00,268.09,0.0,HIST-SITE-001,0
2026/02/07 22:15:00,268.09,0.0,HIST-SITE-001,0
2026/02/07 22:20:00,268.09,0.0,HIST-SITE-001,0
2026/02/07 22:25:00,268.09,0.0,HIST-SITE-001,0
2026/02/07 22:30:00,268.09,0.0,HIST-SITE-001,0
2026/02/07 22:35:00,268.09,0.0,HIST-SITE-001,0
2026/02/07 22:40:00,268.09,0.0,HIST-SITE-001,0
2026/02/07 22:45:00,268.09,0.0,HIST-SITE-001,0
2026/02/07 22:50:00,268.09,0.0,HIST-SITE-001,0
2026/02/07 22:55:00,268.09,0.0,HIST-SITE-001,0
2026/02/07 23:00:00,268.09,0.0,HIST-SITE-001,0
2026/02/07 23:05:00,268.09,0.0,HIST-SITE-001,0
2026/02/07 23:10:00,268.09,0.0,HIST-SITE-001,0
2026/02/07 23:15:00,268.09,0.0,HIST-SITE-001,0
2026/02/07 23:20:00,268.09,0.0,HIST-SITE-001,0
2026/02/07 23:25:00,268.09,0.0,HIST-SITE-001,0
2026/02/07 23:30:00,268.09,0.0,HIST-SITE-001,0
2026/02/07 23:35:00,268.09,0.0,HIST-SITE-001,0
2026/02/07 23:40:00,268.09,0.0,HIST-SITE-001,0
2026/02/07 23:45:00,268.09,0.0,HIST-SITE-001,0
2026/02/07 23:50:00,268.09,0.0,HIST-SITE-001,0
2026/02/07 23:55:00,268.09,0.0,HIST-SITE-001,0
2026/02/08 00:00:00,268.09,0.0,HIST-SITE-001,0
2026/02/08 00:05:00,268.09,0.0,HIST-SITE-001,0
2026/02/08 00:10:00,268.09,0.0,HIST-SITE-001,0
2026/02/08 00:15:00,268.09,0.0,HIST-SITE-001,0
2026/02/08 00:20:00,268.09,0.0,HIST-SITE-001,0
2026/02/08 00:25:00,268.09,0.0,HIST-SITE-001,0
2026/02/08 00:30:00,268.09,0.0,HIST-SITE-001,0
2026/02/08 00:35:00,268.09,0.0,HIST-SITE-001,0
2026/02/08 00:40:00,268.09,0.0,HIST-SITE-001,0
2026/02/08 00:45:00,268.09,0.0,HIST-SITE-001,0
2026/02/08 00:50:00,268.09,0.0,HIST-SITE-001,0
2026/02/08 00:55:00,268.09,0.0,HIST-SITE-001,0
2026/02/08 01:00:00,268.09,0.0,HIST-SITE-001,0
2026/02/08 01:05:00,268.09,0.0,HIST-SITE-001,0
2026/02/08 01:10:00,268.09,0.0,HIST-SITE-001,0
2026/02/08 01:15:00,268.09,0.0,HIST-SITE-001,0
2026/02/08 01:20:00,268.09,0.0,HIST-SITE-001,0
2026/02/08 01:25:00,268.09,0.0,HIST-SITE-001,0
2026/02/08 01:30:00,268.09,0.0,HIST-SITE-001,0
2026/02/08 01:35:00,268.09,0.0,HIST-SITE-001,0
2026/02/08 01:40:00,268.09,0.0,HIST-SITE-001,0
2026/02/08 01:45:00,268.09,0.0,HIST-SITE-001,0
2026/02/08 01:50:00,268.09,0.0,HIST-SITE-001,0
2026/02/08 01:55:00,268.09,0.0,HIST-SITE-001,0
2026/02/08 02:00:00,268.09,0.0,HIST-SITE-001,0
2026/02/08 02:05:00,268.09,0.0,HIST-SITE-001,0
2026/02/08 02:10:00,268.09,0.0,HIST-SITE-001,0
2026/02/08 02:15:00,268.09,0.0,HIST-SITE-001,0
2026/02/08 02:20:00,268.09,0.0,HIST-SITE-001,0
2026/02/08 02:25:00,268.09,0.0,HIST-SITE-001,0
2026/02/08 02:30:00,268.09,0.0,HIST-SITE-001,0
2026/02/08 02:35:00,268.09,0.0,HIST-SITE-001,0
2026/02/08 02:40:00,268.09,0.0,HIST-SITE-001,0
2026/02/08 02:45:00,268.09,0.0,HIST-SITE-001,0
2026/02/08 02:50:00,268.09,0.0,HIST-SITE-001,0
2026/02/08 02:55:00,268.09,0.0,HIST-SITE-001,0
2026/02/08 03:00:00,268.09,0.0,HIST-SITE-001,0
2026/02/08 03:05:00,268.09,0.0,HIST-SITE-001,0
2026/02/08 03:10:00,268.09,0.0,HIST-SITE-001,0
2026/02/08 03:15:00,268.09,0.0,HIST-SITE-001,0
2026/02/08 03:20:00,268.09,0.0,HIST-SITE-001,0
2026/02/08 03:25:00,268.09,0.0,HIST-SITE-001,0
2026/02/08 03:30:00,268.09,0.0,HIST-SITE-001,0
2026/02/08 03:35:00,268.09,0.0,HIST-SITE-001,0
2026/02/08 03:40:00,268.09,0.0,HIST-SITE-001,0
2026/02/08 03:45:00,268.09,0.0,HIST-SITE-001,0
2026/02/08 03:50:00,268.09,0.0,HIST-SITE-001,0
2026/02/08 03:55:00,268.09,0.0,HIST-SITE-001,0
2026/02/08 04:00:00,268.09,0.0,HIST-SITE-001,0
2026/02/08 04:05:00,268.09,0.0,HIST-SITE-001,0
2026/02/08 04:10:00,268.09,0.0,HIST-SITE-001,0
2026/02/08 04:15:00,268.09,0.0,HIST-SITE-001,0
2026/02/08 04:20:00,268.09,0.0,HIST-SITE-001,0
2026/02/08 04:25:00,268.09,0.0,HIST-SITE-001,0
2026/02/08 04:30:00,268.09,0.0,HIST-SITE-001,0
2026/02/08 04:35:00,268.09,0.0,HIST-SITE-001,0
2026/02/08 04:40:00,268.09,0.0,HIST-SITE-001,0
2026/02/08 04:45:00,268.09,0.0,HIST-SITE-001,0
2026/02/08 04:50:00,268.09,0.0,HIST-SITE-001,0
2026/02/08 04:55:00,268.09,0.0,HIST-SITE-001,0
2026/02/08 05:00:00,268.09,0.0,HIST-SITE-001,0
2026/02/08 05:05:00,268.09,0.0,HIST-SITE-001,0
2026/02/08 05:10:00,268.09,0.0,HIST-SITE-001,0
2026/02/08 05:15:00,268.09,0.0,HIST-SITE-001,0
2026/02/08 05:20:00,268.09,0.0,HIST-SITE-001,0
2026/02/08 05:25:00,268.09,0.0,HIST-SITE-001,0
2026/02/08 05:30:00,268.09,0.0,HIST-SITE-001,0
2026/02/08 05:35:00,268.09,0.0,HIST-SITE-001,0
2026/02/08 05:40:00,268.09,0.0,HIST-SITE-001,0
2026/02/08 05:45:00,268.09,0.0,HIST-SITE-001,0
2026/02/08 05:50:00,268.09,0.0,HIST-SITE-001,0
2026/02/08 05:55:00,268.09,0.0,HIST-SITE-001,0
2026/02/08 06:00:00,268.09,-0.0,HIST-SITE-001,0
2026/02/08 06:05:00,268.14,0.027,HIST-SITE-001,1
2026/02/08 06:10:00,268.18,0.073,HIST-SITE-001,1
2026/02/08 06:15:00,268.27,0.066,HIST-SITE-001,1
2026/02/08 06:20:00,268.37,0.093,HIST-SITE-001,1
2026/02/08 06:25:00,268.44,0.056,HIST-SITE-001,1
2026/02/08 06:30:00,268.52,0.094,HIST-SITE-001,1
2026/02/08 06:35:00,268.61,0.055,HIST-SITE-001,1
2026/02/08 06:40:00,268.69,0.099,HIST-SITE-001,1
2026/02/08 06:45:00,268.74,0.056,HIST-SITE-001,1
2026/02/08 06:50:00,268.84,0.098,HIST-SITE-001,1
2026/02/08 06:55:00,269.04,0.187,HIST-SITE-001,1
2026/02/08 07:00:00,269.14,0.083,HIST-SITE-001,1
2026/02/08 07:05:00,269.33,0.187,HIST-SITE-001,1
2026/02/08 07:10:00,269.48,0.143,HIST-SITE-001,1
2026/02/08 07:15:00,269.63,0.123,HIST-SITE-001,1
2026/02/08 07:20:00,269.8,0.167,HIST-SITE-001,1
2026/02/08 07:25:00,269.96,0.144,HIST-SITE-001,1
2026/02/08 07:30:00,270.2,0.226,HIST-SITE-001,1
2026/02/08 07:35:00,270.46,0.243,HIST-SITE-001,1
2026/02/08 07:40:00,270.7,0.234,HIST-SITE-001,1
2026/02/08 07:45:00,270.96,0.244,HIST-SITE-001,1
2026/02/08 07:50:00,271.27,0.337,HIST-SITE-001,1
2026/02/08 07:55:00,271.57,0.277,HIST-SITE-001,1
2026/02/08 08:00:00,271.88,0.298,HIST-SITE-001,1
2026/02/08 08:05:00,272.17,0.295,HIST-SITE-001,1
2026/02/08 08:10:00,272.43,0.276,HIST-SITE-001,1
2026/02/08 08:15:00,272.75,0.314,HIST-SITE-001,1
2026/02/08 08:20:00,273.1,0.347,HIST-SITE-001,1
2026/02/08 08:25:00,273.48,0.368,HIST-SITE-001,1
2026/02/08 08:30:00,273.79,0.299,HIST-SITE-001,1
2026/02/08 08:35:00,274.19,0.379,HIST-SITE-001,1
2026/02/08 08:40:00,274.57,0.349,HIST-SITE-001,1
2026/02/08 08:45:00,274.92,0.339,HIST-SITE-001,1
2026/02/08 08:50:00,275.35,0.41,HIST-SITE-001,1
2026/02/08 08:55:00,275.66,0.295,HIST-SITE-001,1
2026/02/08 09:00:00,276.02,0.34,HIST-SITE-001,1
2026/02/08 09:05:00,276.4,0.325,HIST-SITE-001,1
2026/02/08 09:10:00,276.75,0.314,HIST-SITE-001,1
2026/02/08 09:15:00,277.2,0.465,HIST-SITE-001,1
2026/02/08 09:20:00,277.6,0.385,HIST-SITE-001,1
2026/02/08 09:25:00,278.03,0.398,HIST-SITE-001,1
2026/02/08 09:30:00,278.5,0.448,HIST-SITE-001,1
2026/02/08 09:35:00,279.0,0.454,HIST-SITE-001,1
2026/02/08 09:40:00,279.45,0.446,HIST-SITE-001,1
2026/02/08 09:45:00,279.9,0.398,HIST-SITE-001,1
2026/02/08 09:50:00,280.34,0.402,HIST-SITE-001,1
2026/02/08 09:55:00,280.78,0.401,HIST-SITE-001,1
2026/02/08 10:00:00,281.25,0.423,HIST-SITE-001,1
2026/02/08 10:05:00,281.69,0.481,HIST-SITE-001,1
2026/02/08 10:10:00,282.2,0.517,HIST-SITE-001,1
2026/02/08 10:15:00,282.73,0.507,HIST-SITE-001,1
2026/02/08 10:20:00,283.19,0.448,HIST-SITE-001,1
2026/02/08 10:25:00,283.67,0.427,HIST-SITE-001,1
2026/02/08 10:30:00,284.21,0.548,HIST-SITE-001,1
2026/02/08 10:35:00,284.7,0.482,HIST-SITE-001,1
2026/02/08 10:40:00,285.16,0.428,HIST-SITE-001,1
2026/02/08 10:45:00,285.65,0.491,HIST-SITE-001,1
2026/02/08 10:50:00,286.12,0.41,HIST-SITE-001,1
2026/02/08 10:55:00,286.57,0.423,HIST-SITE-001,1
2026/02/08 11:00:00,287.07,0.475,HIST-SITE-001,1
2026/02/08 11:05:00,287.6,0.493,HIST-SITE-001,1
2026/02/08 11:10:00,288.18,0.569,HIST-SITE-001,1
2026/02/08 11:15:00,288.68,0.488,HIST-SITE-001,1
2026/02/08 11:20:00,289.24,0.542,HIST-SITE-001,1
2026/02/08 11:25:00,289.77,0.534,HIST-SITE-001,1
2026/02/08 11:30:00,290.31,0.513,HIST-SITE-001,1
2026/02/08 11:35:00,290.81,0.456,HIST-SITE-001,1
2026/02/08 11:40:00,291.28,0.455,HIST-SITE-001,1
2026/02/08 11:45:00,291.87,0.581,HIST-SITE-001,1
2026/02/08 11:50:00,292.51,0.61,HIST-SITE-001,1
2026/02/08 11:55:00,293.13,0.607,HIST-SITE-001,1
2026/02/08 12:00:00,293.73,0.547,HIST-SITE-001,1
2026/02/08 12:05:00,294.2,0.448,HIST-SITE-001,1
2026/02/08 12:10:00,294.78,0.544,HIST-SITE-001,1
2026/02/08 12:15:00,295.35,0.532,HIST-SITE-001,1
2026/02/08 12:20:00,295.83,0.48,HIST-SITE-001,1
2026/02/08 12:25:00,296.38,0.575,HIST-SITE-001,1
2026/02/08 12:30:00,297.05,0.652,HIST-SITE-001,1
2026/02/08 12:35:00,297.57,0.513,HIST-SITE-001,1
2026/02/08 12:40:00,298.08,0.474,HIST-SITE-001,1
2026/02/08 12:45:00,298.67,0.57,HIST-SITE-001,1
2026/02/08 12:50:00,299.27,0.584,HIST-SITE-001,1
2026/02/08 12:55:00,299.81,0.526,HIST-SITE-001,1
2026/02/08 13:00:00,300.36,0.511,HIST-SITE-001,1
2026/02/08 13:05:00,301.0,0.594,HIST-SITE-001,1
2026/02/08 13:10:00,301.52,0.5,HIST-SITE-001,1
2026/02/08 13:15:00,301.96,0.394,HIST-SITE-001,1
2026/02/08 13:20:00,302.52,0.549,HIST-SITE-001,1
2026/02/08 13:25:00,303.13,0.594,HIST-SITE-001,1
2026/02/08 13:30:00,303.72,0.524,HIST-SITE-001,1
2026/02/08 13:35:00,304.27,0.541,HIST-SITE-001,1
2026/02/08 13:40:00,304.66,0.376,HIST-SITE-001,1
2026/02/08 13:45:00,305.21,0.501,HIST-SITE-001,1
2026/02/08 13:50:00,305.72,0.498,HIST-SITE-001,1
2026/02/08 13:55:00,306.23,0.503,HIST-SITE-001,1
2026/02/08 14:00:00,306.8,0.517,HIST-SITE-001,1
2026/02/08 14:05:00,307.3,0.481,HIST-SITE-001,1
2026/02/08 14:10:00,307.78,0.462,HIST-SITE-001,1
2026/02/08 14:15:00,308.22,0.408,HIST-SITE-001,1
2026/02/08 14:20:00,308.77,0.558,HIST-SITE-001,1
2026/02/08 14:25:00,309.3,0.471,HIST-SITE-001,1
2026/02/08 14:30:00,309.79,0.444,HIST-SITE-001,1
2026/02/08 14:35:00,310.29,0.488,HIST-SITE-001,1
2026/02/08 14:40:00,310.75,0.438,HIST-SITE-001,1
2026/02/08 14:45:00,311.17,0.393,HIST-SITE-001,1
2026/02/08 14:50:00,311.68,0.485,HIST-SITE-001,1
2026/02/08 14:55:00,312.17,0.471,HIST-SITE-001,1
2026/02/08 15:00:00,312.57,0.384,HIST-SITE-001,1
2026/02/08 15:05:00,312.97,0.389,HIST-SITE-001,1
2026/02/08 15:10:00,313.36,0.417,HIST-SITE-001,1
2026/02/08 15:15:00,313.75,0.333,HIST-SITE-001,1
2026/02/08 15:20:00,314.1,0.339,HIST-SITE-001,1
2026/02/08 15:25:00,314.42,0.286,HIST-SITE-001,1
2026/02/08 15:30:00,314.8,0.394,HIST-SITE-001,1
2026/02/08 15:35:00,315.11,0.275,HIST-SITE-001,1
2026/02/08 15:40:00,315.5,0.399,HIST-SITE-001,1
2026/02/08 15:45:00,315.92,0.39,HIST-SITE-001,1
2026/02/08 15:50:00,316.21,0.298,HIST-SITE-001,1
2026/02/08 15:55:00,316.58,0.323,HIST-SITE-001,1
2026/02/08 16:00:00,316.83,0.235,HIST-SITE-001,1
2026/02/08 16:05:00,317.17,0.289,HIST-SITE-001,1
2026/02/08 16:10:00,317.48,0.304,HIST-SITE-001,1
2026/02/08 16:15:00,317.72,0.243,HIST-SITE-001,1
2026/02/08 16:20:00,318.05,0.338,HIST-SITE-001,1
2026/02/08 16:25:00,318.34,0.26,HIST-SITE-001,1
2026/02/08 16:30:00,318.64,0.289,HIST-SITE-001,1
2026/02/08 16:35:00,318.88,0.215,HIST-SITE-001,1
2026/02/08 16:40:00,319.12,0.238,HIST-SITE-001,1
2026/02/08 16:45:00,319.34,0.206,HIST-SITE-001,1
2026/02/08 16:50:00,319.56,0.25,HIST-SITE-001,1
2026/02/08 16:55:00,319.78,0.233,HIST-SITE-001,1
2026/02/08 17:00:00,319.99,0.2,HIST-SITE-001,1
2026/02/08 17:05:00,320.2,0.233,HIST-SITE-001,1
2026/02/08 17:10:00,320.4,0.206,HIST-SITE-001,1
2026/02/08 17:15:00,320.58,0.162,HIST-SITE-001,1
2026/02/08 17:20:00,320.7,0.103,HIST-SITE-001,1
2026/02/08 17:25:00,320.89,0.165,HIST-SITE-001,1
2026/02/08 17:30:00,321.04,0.145,HIST-SITE-001,1
2026/02/08 17:35:00,321.13,0.088,HIST-SITE-001,1
2026/02/08 17:40:00,321.23,0.092,HIST-SITE-001,1
2026/02/08 17:45:00,321.33,0.049,HIST-SITE-001,1
2026/02/08 17:50:00,321.44,0.11,HIST-SITE-001,1
2026/02/08 17:55:00,321.47,0.025,HIST-SITE-001,1
2026/02/08 18:00:00,321.55,0.087,HIST-SITE-001,1
2026/02/08 18:05:00,321.62,0.053,HIST-SITE-001,1
2026/02/08 18:10:00,321.64,0.034,HIST-SITE-001,1
2026/02/08 18:15:00,321.64,0.0,HIST-SITE-001,0
2026/02/08 18:20:00,321.66,0.018,HIST-SITE-001,1
2026/02/08 18:25:00,321.72,0.082,HIST-SITE-001,1
2026/02/08 18:30:00,321.75,0.029,HIST-SITE-001,1
2026/02/08 18:35:00,321.75,0.0,HIST-SITE-001,0
2026/02/08 18:40:00,321.75,0.0,HIST-SITE-001,0
2026/02/08 18:45:00,321.75,0.0,HIST-SITE-001,0
2026/02/08 18:50:00,321.75,0.0,HIST-SITE-001,0
2026/02/08 18:55:00,321.75,0.0,HIST-SITE-001,0
2026/02/08 19:00:00,321.75,0.0,HIST-SITE-001,0
2026/02/08 19:05:00,321.75,0.0,HIST-SITE-001,0
2026/02/08 19:10:00,321.75,0.0,HIST-SITE-001,0
2026/02/08 19:15:00,321.75,0.0,HIST-SITE-001,0
2026/02/08 19:20:00,321.75,0.0,HIST-SITE-001,0
2026/02/08 19:25:00,321.75,0.0,HIST-SITE-001,0
2026/02/08 19:30:00,321.75,0.0,HIST-SITE-001,0
2026/02/08 19:35:00,321.75,0.0,HIST-SITE-001,0
2026/02/08 19:40:00,321.75,0.0,HIST-SITE-001,0
2026/02/08 19:45:00,321.75,0.0,HIST-SITE-001,0
2026/02/08 19:50:00,321.75,0.0,HIST-SITE-001,0
2026/02/08 19:55:00,321.75,0.0,HIST-SITE-001,0
2026/02/08 20:00:00,321.75,0.0,HIST-SITE-001,0
2026/02/08 20:05:00,321.75,0.0,HIST-SITE-001,0
2026/02/08 20:10:00,321.75,0.0,HIST-SITE-001,0
2026/02/08 20:15:00,321.75,0.0,HIST-SITE-001,0
2026/02/08 20:20:00,321.75,0.0,HIST-SITE-001,0
2026/02/08 20:25:00,321.75,0.0,HIST-SITE-001,0
2026/02/08 20:30:00,321.75,0.0,HIST-SITE-001,0
2026/02/08 20:35:00,321.75,0.0,HIST-SITE-001,0
2026/02/08 20:40:00,321.75,0.0,HIST-SITE-001,0
2026/02/08 20:45:00,321.75,0.0,HIST-SITE-001,0
2026/02/08 20:50:00,321.75,0.0,HIST-SITE-001,0
2026/02/08 20:55:00,321.75,0.0,HIST-SITE-001,0
2026/02/08 21:00:00,321.75,0.0,HIST-SITE-001,0
2026/02/08 21:05:00,321.75,0.0,HIST-SITE-001,0
2026/02/08 21:10:00,321.75,0.0,HIST-SITE-001,0
2026/02/08 21:15:00,321.75,0.0,HIST-SITE-001,0
2026/02/08 21:20:00,321.75,0.0,HIST-SITE-001,0
2026/02/08 21:25:00,321.75,0.0,HIST-SITE-001,0
2026/02/08 21:30:00,321.75,0.0,HIST-SITE-001,0
2026/02/08 21:35:00,321.75,0.0,HIST-SITE-001,0
2026/02/08 21:40:00,321.75,0.0,HIST-SITE-001,0
2026/02/08 21:45:00,321.75,0.0,HIST-SITE-001,0
2026/02/08 21:50:00,321.75,0.0,HIST-SITE-001,0
2026/02/08 21:55:00,321.75,0.0,HIST-SITE-001,0
2026/02/08 22:00:00,321.75,0.0,HIST-SITE-001,0
2026/02/08 22:05:00,321.75,0.0,HIST-SITE-001,0
2026/02/08 22:10:00,321.75,0.0,HIST-SITE-001,0
2026/02/08 22:15:00,321.75,0.0,HIST-SITE-001,0
2026/02/08 22:20:00,321.75,0.0,HIST-SITE-001,0
2026/02/08 22:25:00,321.75,0.0,HIST-SITE-001,0
2026/02/08 22:30:00,321.75,0.0,HIST-SITE-001,0
2026/02/08 22:35:00,321.75,0.0,HIST-SITE-001,0
2026/02/08 22:40:00,321.75,0.0,HIST-SITE-001,0
2026/02/08 22:45:00,321.75,0.0,HIST-SITE-001,0
2026/02/08 22:50:00,321.75,0.0,HIST-SITE-001,0
2026/02/08 22:55:00,321.75,0.0,HIST-SITE-001,0
2026/02/08 23:00:00,321.75,0.0,HIST-SITE-001,0
2026/02/08 23:05:00,321.75,0.0,HIST-SITE-001,0
2026/02/08 23:10:00,321.75,0.0,HIST-SITE-001,0
2026/02/08 23:15:00,321.75,0.0,HIST-SITE-001,0
2026/02/08 23:20:00,321.75,0.0,HIST-SITE-001,0
2026/02/08 23:25:00,321.75,0.0,HIST-SITE-001,0
2026/02/08 23:30:00,321.75,0.0,HIST-SITE-001,0
2026/02/08 23:35:00,321.75,0.0,HIST-SITE-001,0
2026/02/08 23:40:00,321.75,0.0,HIST-SITE-001,0
2026/02/08 23:45:00,321.75,0.0,HIST-SITE-001,0
2026/02/08 23:50:00,321.75,0.0,HIST-SITE-001,0
2026/02/08 23:55:00,321.75,0.0,HIST-SITE-001,0
2026/02/09 00:00:00,321.75,0.0,HIST-SITE-001,0
2026/02/09 00:05:00,321.75,0.0,HIST-SITE-001,0
2026/02/09 00:10:00,321.75,0.0,HIST-SITE-001,0
2026/02/09 00:15:00,321.75,0.0,HIST-SITE-001,0
2026/02/09 00:20:00,321.75,0.0,HIST-SITE-001,0
2026/02/09 00:25:00,321.75,0.0,HIST-SITE-001,0
2026/02/09 00:30:00,321.75,0.0,HIST-SITE-001,0
2026/02/09 00:35:00,321.75,0.0,HIST-SITE-001,0
2026/02/09 00:40:00,321.75,0.0,HIST-SITE-001,0
2026/02/09 00:45:00,321.75,0.0,HIST-SITE-001,0
2026/02/09 00:50:00,321.75,0.0,HIST-SITE-001,0
2026/02/09 00:55:00,321.75,0.0,HIST-SITE-001,0
2026/02/09 01:00:00,321.75,0.0,HIST-SITE-001,0
2026/02/09 01:05:00,321.75,0.0,HIST-SITE-001,0
2026/02/09 01:10:00,321.75,0.0,HIST-SITE-001,0
2026/02/09 01:15:00,321.75,0.0,HIST-SITE-001,0
2026/02/09 01:20:00,321.75,0.0,HIST-SITE-001,0
2026/02/09 01:25:00,321.75,0.0,HIST-SITE-001,0
2026/02/09 01:30:00,321.75,0.0,HIST-SITE-001,0
2026/02/09 01:35:00,321.75,0.0,HIST-SITE-001,0
2026/02/09 01:40:00,321.75,0.0,HIST-SITE-001,0
2026/02/09 01:45:00,321.75,0.0,HIST-SITE-001,0
2026/02/09 01:50:00,321.75,0.0,HIST-SITE-001,0
2026/02/09 01:55:00,321.75,0.0,HIST-SITE-001,0
2026/02/09 02:00:00,321.75,0.0,HIST-SITE-001,0
2026/02/09 02:05:00,321.75,0.0,HIST-SITE-001,0
2026/02/09 02:10:00,321.75,0.0,HIST-SITE-001,0
2026/02/09 02:15:00,321.75,0.0,HIST-SITE-001,0
2026/02/09 02:20:00,321.75,0.0,HIST-SITE-001,0
2026/02/09 02:25:00,321.75,0.0,HIST-SITE-001,0
2026/02/09 02:30:00,321.75,0.0,HIST-SITE-001,0
2026/02/09 02:35:00,321.75,0.0,HIST-SITE-001,0
2026/02/09 02:40:00,321.75,0.0,HIST-SITE-001,0
2026/02/09 02:45:00,321.75,0.0,HIST-SITE-001,0
2026/02/09 02:50:00,321.75,0.0,HIST-SITE-001,0
2026/02/09 02:55:00,321.75,0.0,HIST-SITE-001,0
2026/02/09 03:00:00,321.75,0.0,HIST-SITE-001,0
2026/02/09 03:05:00,321.75,0.0,HIST-SITE-001,0
2026/02/09 03:10:00,321.75,0.0,HIST-SITE-001,0
2026/02/09 03:15:00,321.75,0.0,HIST-SITE-001,0
2026/02/09 03:20:00,321.75,0.0,HIST-SITE-001,0
2026/02/09 03:25:00,321.75,0.0,HIST-SITE-001,0
2026/02/09 03:30:00,321.75,0.0,HIST-SITE-001,0
2026/02/09 03:35:00,321.75,0.0,HIST-SITE-001,0
2026/02/09 03:40:00,321.75,0.0,HIST-SITE-001,0
2026/02/09 03:45:00,321.75,0.0,HIST-SITE-001,0
2026/02/09 03:50:00,321.75,0.0,HIST-SITE-001,0
2026/02/09 03:55:00,321.75,0.0,HIST-SITE-001,0
2026/02/09 04:00:00,321.75,0.0,HIST-SITE-001,0
2026/02/09 04:05:00,321.75,0.0,HIST-SITE-001,0
2026/02/09 04:10:00,321.75,0.0,HIST-SITE-001,0
2026/02/09 04:15:00,321.75,0.0,HIST-SITE-001,0
2026/02/09 04:20:00,321.75,0.0,HIST-SITE-001,0
2026/02/09 04:25:00,321.75,0.0,HIST-SITE-001,0
2026/02/09 04:30:00,321.75,0.0,HIST-SITE-001,0
2026/02/09 04:35:00,321.75,0.0,HIST-SITE-001,0
2026/02/09 04:40:00,321.75,0.0,HIST-SITE-001,0
2026/02/09 04:45:00,321.75,0.0,HIST-SITE-001,0
2026/02/09 04:50:00,321.75,0.0,HIST-SITE-001,0
2026/02/09 04:55:00,321.75,0.0,HIST-SITE-001,0
2026/02/09 05:00:00,321.75,0.0,HIST-SITE-001,0
2026/02/09 05:05:00,321.75,0.0,HIST-SITE-001,0
2026/02/09 05:10:00,321.75,0.0,HIST-SITE-001,0
2026/02/09 05:15:00,321.75,0.0,HIST-SITE-001,0
2026/02/09 05:20:00,321.75,0.0,HIST-SITE-001,0
2026/02/09 05:25:00,321.75,0.0,HIST-SITE-001,0
2026/02/09 05:30:00,321.75,0.0,HIST-SITE-001,0
2026/02/09 05:35:00,321.75,0.0,HIST-SITE-001,0
2026/02/09 05:40:00,321.75,0.0,HIST-SITE-001,0
2026/02/09 05:45:00,321.75,0.0,HIST-SITE-001,0
2026/02/09 05:50:00,321.75,0.0,HIST-SITE-001,0
2026/02/09 05:55:00,321.75,0.0,HIST-SITE-001,0
2026/02/09 06:00:00,321.75,0.0,HIST-SITE-001,0
2026/02/09 06:05:00,321.75,0.0,HIST-SITE-001,0
2026/02/09 06:10:00,321.85,0.077,HIST-SITE-001,1
2026/02/09 06:15:00,321.89,0.002,HIST-SITE-001,1
2026/02/09 06:20:00,321.91,-0.019,HIST-SITE-001,1
2026/02/09 06:25:00,321.99,0.065,HIST-SITE-001,1
2026/02/09 06:30:00,322.05,0.102,HIST-SITE-001,1
2026/02/09 06:35:00,322.14,0.088,HIST-SITE-001,1
2026/02/09 06:40:00,322.2,0.029,HIST-SITE-001,1
2026/02/09 06:45:00,322.27,0.085,HIST-SITE-001,1
2026/02/09 06:50:00,322.38,0.122,HIST-SITE-001,1
2026/02/09 06:55:00,322.52,0.135,HIST-SITE-001,1
2026/02/09 07:00:00,322.58,0.065,HIST-SITE-001,1
2026/02/09 07:05:00,322.74,0.139,HIST-SITE-001,1
2026/02/09 07:10:00,322.95,0.21,HIST-SITE-001,1
2026/02/09 07:15:00,323.08,0.154,HIST-SITE-001,1
2026/02/09 07:20:00,323.28,0.199,HIST-SITE-001,1
2026/02/09 07:25:00,323.5,0.184,HIST-SITE-001,1
2026/02/09 07:30:00,323.75,0.264,HIST-SITE-001,1
2026/02/09 07:35:00,324.01,0.237,HIST-SITE-001,1
2026/02/09 07:40:00,324.3,0.229,HIST-SITE-001,1
2026/02/09 07:45:00,324.52,0.219,HIST-SITE-001,1
2026/02/09 07:50:00,324.74,0.219,HIST-SITE-001,1
2026/02/09 07:55:00,324.98,0.228,HIST-SITE-001,1
2026/02/09 08:00:00,325.28,0.279,HIST-SITE-001,1
2026/02/09 08:05:00,325.52,0.224,HIST-SITE-001,1
2026/02/09 08:10:00,325.78,0.232,HIST-SITE-001,1
2026/02/09 08:15:00,326.09,0.298,HIST-SITE-001,1
2026/02/09 08:20:00,326.36,0.236,HIST-SITE-001,1
2026/02/09 08:25:00,326.69,0.319,HIST-SITE-001,1
2026/02/09 08:30:00,327.03,0.292,HIST-SITE-001,1
2026/02/09 08:35:00,327.38,0.353,HIST-SITE-001,1
2026/02/09 08:40:00,327.78,0.384,HIST-SITE-001,1
2026/02/09 08:45:00,328.07,0.277,HIST-SITE-001,1
2026/02/09 08:50:00,328.46,0.382,HIST-SITE-001,1
2026/02/09 08:55:00,328.79,0.332,HIST-SITE-001,1
2026/02/09 09:00:00,329.15,0.337,HIST-SITE-001,1
2026/02/09 09:05:00,329.54,0.386,HIST-SITE-001,1
2026/02/09 09:10:00,329.9,0.358,HIST-SITE-001,1
2026/02/09 09:15:00,330.32,0.394,HIST-SITE-001,1
2026/02/09 09:20:00,330.69,0.36,HIST-SITE-001,1
2026/02/09 09:25:00,331.19,0.488,HIST-SITE-001,1
2026/02/09 09:30:00,331.72,0.497,HIST-SITE-001,1
2026/02/09 09:35:00,332.2,0.458,HIST-SITE-001,1
2026/02/09 09:40:00,332.67,0.447,HIST-SITE-001,1
2026/02/09 09:45:00,333.08,0.41,HIST-SITE-001,1
2026/02/09 09:50:00,333.44,0.35,HIST-SITE-001,1
2026/02/09 09:55:00,333.95,0.496,HIST-SITE-001,1
2026/02/09 10:00:00,334.45,0.453,HIST-SITE-001,1
2026/02/09 10:05:00,334.93,0.445,HIST-SITE-001,1
2026/02/09 10:10:00,335.46,0.48,HIST-SITE-001,1
2026/02/09 10:15:00,335.98,0.505,HIST-SITE-001,1
2026/02/09 10:20:00,336.54,0.526,HIST-SITE-001,1
2026/02/09 10:25:00,337.03,0.474,HIST-SITE-001,1
2026/02/09 10:30:00,337.59,0.535,HIST-SITE-001,1
2026/02/09 10:35:00,338.07,0.49,HIST-SITE-001,1
2026/02/09 10:40:00,338.64,0.548,HIST-SITE-001,1
2026/02/09 10:45:00,339.25,0.583,HIST-SITE-001,1
2026/02/09 10:50:00,339.86,0.614,HIST-SITE-001,1
2026/02/09 10:55:00,340.42,0.501,HIST-SITE-001,1
2026/02/09 11:00:00,341.0,0.553,HIST-SITE-001,1
2026/02/09 11:05:00,341.51,0.505,HIST-SITE-001,1
2026/02/09 11:10:00,342.08,0.566,HIST-SITE-001,1
2026/02/09 11:15:00,342.57,0.471,HIST-SITE-001,1
2026/02/09 11:20:00,343.15,0.559,HIST-SITE-001,1
2026/02/09 11:25:00,343.73,0.572,HIST-SITE-001,1
2026/02/09 11:30:00,344.2,0.455,HIST-SITE-001,1
2026/02/09 11:35:00,344.81,0.578,HIST-SITE-001,1
2026/02/09 11:40:00,345.36,0.57,HIST-SITE-001,1
2026/02/09 11:45:00,345.94,0.555,HIST-SITE-001,1
2026/02/09 11:50:00,346.49,0.53,HIST-SITE-001,1
2026/02/09 11:55:00,347.06,0.523,HIST-SITE-001,1
2026/02/09 12:00:00,347.64,0.593,HIST-SITE-001,1
2026/02/09 12:05:00,348.21,0.538,HIST-SITE-001,1
2026/02/09 12:10:00,348.8,0.584,HIST-SITE-001,1
2026/02/09 12:15:00,349.41,0.583,HIST-SITE-001,1
2026/02/09 12:20:00,349.93,0.481,HIST-SITE-001,1
2026/02/09 12:25:00,350.52,0.568,HIST-SITE-001,1
2026/02/09 12:30:00,351.12,0.596,HIST-SITE-001,1
2026/02/09 12:35:00,351.69,0.565,HIST-SITE-001,1
2026/02/09 12:40:00,352.18,0.506,HIST-SITE-001,1
2026/02/09 12:45:00,352.72,0.534,HIST-SITE-001,1
2026/02/09 12:50:00,353.29,0.567,HIST-SITE-001,1
2026/02/09 12:55:00,353.83,0.567,HIST-SITE-001,1
2026/02/09 13:00:00,354.36,0.53,HIST-SITE-001,1
2026/02/09 13:05:00,354.93,0.57,HIST-SITE-001,1
2026/02/09 13:10:00,355.48,0.518,HIST-SITE-001,1
2026/02/09 13:15:00,355.99,0.48,HIST-SITE-001,1
2026/02/09 13:20:00,356.46,0.444,HIST-SITE-001,1
2026/02/09 13:25:00,356.97,0.504,HIST-SITE-001,1
2026/02/09 13:30:00,357.55,0.563,HIST-SITE-001,1
2026/02/09 13:35:00,358.12,0.541,HIST-SITE-001,1
2026/02/09 13:40:00,358.69,0.573,HIST-SITE-001,1
2026/02/09 13:45:00,359.25,0.519,HIST-SITE-001,1
2026/02/09 13:50:00,359.82,0.569,HIST-SITE-001,1
2026/02/09 13:55:00,360.29,0.449,HIST-SITE-001,1
2026/02/09 14:00:00,360.85,0.527,HIST-SITE-001,1
2026/02/09 14:05:00,361.29,0.453,HIST-SITE-001,1
2026/02/09 14:10:00,361.77,0.446,HIST-SITE-001,1
2026/02/09 14:15:00,362.22,0.418,HIST-SITE-001,1
2026/02/09 14:20:00,362.7,0.465,HIST-SITE-001,1
2026/02/09 14:25:00,363.21,0.524,HIST-SITE-001,1
2026/02/09 14:30:00,363.66,0.395,HIST-SITE-001,1
2026/02/09 14:35:00,364.08,0.398,HIST-SITE-001,1
2026/02/09 14:40:00,364.5,0.42,HIST-SITE-001,1
2026/02/09 14:45:00,365.0,0.474,HIST-SITE-001,1
2026/02/09 14:50:00,365.45,0.385,HIST-SITE-001,1
2026/02/09 14:55:00,365.88,0.396,HIST-SITE-001,1
2026/02/09 15:00:00,366.34,0.436,HIST-SITE-001,1
2026/02/09 15:05:00,366.79,0.446,HIST-SITE-001,1
2026/02/09 15:10:00,367.21,0.369,HIST-SITE-001,1
2026/02/09 15:15:00,367.56,0.346,HIST-SITE-001,1
2026/02/09 15:20:00,367.94,0.377,HIST-SITE-001,1
2026/02/09 15:25:00,368.27,0.277,HIST-SITE-001,1
2026/02/09 15:30:00,368.67,0.376,HIST-SITE-001,1
2026/02/09 15:35:00,368.99,0.317,HIST-SITE-001,1
2026/02/09 15:40:00,369.36,0.32,HIST-SITE-001,1
2026/02/09 15:45:00,369.69,0.32,HIST-SITE-001,1
2026/02/09 15:50:00,370.0,0.312,HIST-SITE-001,1
2026/02/09 15:55:00,370.32,0.294,HIST-SITE-001,1
2026/02/09 16:00:00,370.64,0.276,HIST-SITE-001,1
2026/02/09 16:05:00,370.96,0.328,HIST-SITE-001,1
2026/02/09 16:10:00,371.31,0.34,HIST-SITE-001,1
2026/02/09 16:15:00,371.57,0.259,HIST-SITE-001,1
2026/02/09 16:20:00,371.81,0.266,HIST-SITE-001,1
2026/02/09 16:25:00,372.11,0.284,HIST-SITE-001,1
2026/02/09 16:30:00,372.39,0.261,HIST-SITE-001,1
2026/02/09 16:35:00,372.63,0.214,HIST-SITE-001,1
2026/02/09 16:40:00,372.79,0.142,HIST-SITE-001,1
2026/02/09 16:45:00,373.05,0.254,HIST-SITE-001,1
2026/02/09 16:50:00,373.33,0.265,HIST-SITE-001,1
2026/02/09 16:55:00,373.52,0.194,HIST-SITE-001,1
2026/02/09 17:00:00,373.73,0.218,HIST-SITE-001,1
2026/02/09 17:05:00,374.0,0.289,HIST-SITE-001,1
2026/02/09 17:10:00,374.24,0.225,HIST-SITE-001,1
2026/02/09 17:15:00,374.34,0.093,HIST-SITE-001,1
2026/02/09 17:20:00,374.47,0.108,HIST-SITE-001,1
2026/02/09 17:25:00,374.64,0.169,HIST-SITE-001,1
2026/02/09 17:30:00,374.74,0.103,HIST-SITE-001,1
2026/02/09 17:35:00,374.91,0.183,HIST-SITE-001,1
2026/02/09 17:40:00,375.0,0.041,HIST-SITE-001,1
2026/02/09 17:45:00,375.11,0.081,HIST-SITE-001,1
2026/02/09 17:50:00,375.2,0.12,HIST-SITE-001,1
2026/02/09 17:55:00,375.27,0.088,HIST-SITE-001,1
2026/02/09 18:00:00,375.28,0.03,HIST-SITE-001,1
2026/02/09 18:05:00,375.41,0.099,HIST-SITE-001,1
2026/02/09 18:10:00,375.46,0.015,HIST-SITE-001,1
2026/02/09 18:15:00,375.47,-0.023,HIST-SITE-001,0
2026/02/09 18:20:00,375.51,0.072,HIST-SITE-001,1
2026/02/09 18:25:00,375.55,0.038,HIST-SITE-001,1
2026/02/09 18:30:00,375.57,0.012,HIST-SITE-001,1
2026/02/09 18:35:00,375.57,0.0,HIST-SITE-001,0
2026/02/09 18:40:00,375.57,0.0,HIST-SITE-001,0
2026/02/09 18:45:00,375.57,0.0,HIST-SITE-001,0
2026/02/09 18:50:00,375.57,0.0,HIST-SITE-001,0
2026/02/09 18:55:00,375.57,0.0,HIST-SITE-001,0
2026/02/09 19:00:00,375.57,0.0,HIST-SITE-001,0
2026/02/09 19:05:00,375.57,0.0,HIST-SITE-001,0
2026/02/09 19:10:00,375.57,0.0,HIST-SITE-001,0
2026/02/09 19:15:00,375.57,0.0,HIST-SITE-001,0
2026/02/09 19:20:00,375.57,0.0,HIST-SITE-001,0
2026/02/09 19:25:00,375.57,0.0,HIST-SITE-001,0
2026/02/09 19:30:00,375.57,0.0,HIST-SITE-001,0
2026/02/09 19:35:00,375.57,0.0,HIST-SITE-001,0
2026/02/09 19:40:00,375.57,0.0,HIST-SITE-001,0
2026/02/09 19:45:00,375.57,0.0,HIST-SITE-001,0
2026/02/09 19:50:00,375.57,0.0,HIST-SITE-001,0
2026/02/09 19:55:00,375.57,0.0,HIST-SITE-001,0
2026/02/09 20:00:00,375.57,0.0,HIST-SITE-001,0
2026/02/09 20:05:00,375.57,0.0,HIST-SITE-001,0
2026/02/09 20:10:00,375.57,0.0,HIST-SITE-001,0
2026/02/09 20:15:00,375.57,0.0,HIST-SITE-001,0
2026/02/09 20:20:00,375.57,0.0,HIST-SITE-001,0
2026/02/09 20:25:00,375.57,0.0,HIST-SITE-001,0
2026/02/09 20:30:00,375.57,0.0,HIST-SITE-001,0
2026/02/09 20:35:00,375.57,0.0,HIST-SITE-001,0
2026/02/09 20:40:00,375.57,0.0,HIST-SITE-001,0
2026/02/09 20:45:00,375.57,0.0,HIST-SITE-001,0
2026/02/09 20:50:00,375.57,0.0,HIST-SITE-001,0
2026/02/09 20:55:00,375.57,0.0,HIST-SITE-001,0
2026/02/09 21:00:00,375.57,0.0,HIST-SITE-001,0
2026/02/09 21:05:00,375.57,0.0,HIST-SITE-001,0
2026/02/09 21:10:00,375.57,0.0,HIST-SITE-001,0
2026/02/09 21:15:00,375.57,0.0,HIST-SITE-001,0
2026/02/09 21:20:00,375.57,0.0,HIST-SITE-001,0
2026/02/09 21:25:00,375.57,0.0,HIST-SITE-001,0
2026/02/09 21:30:00,375.57,0.0,HIST-SITE-001,0
2026/02/09 21:35:00,375.57,0.0,HIST-SITE-001,0
2026/02/09 21:40:00,375.57,0.0,HIST-SITE-001,0
2026/02/09 21:45:00,375.57,0.0,HIST-SITE-001,0
2026/02/09 21:50:00,375.57,0.0,HIST-SITE-001,0
2026/02/09 21:55:00,375.57,0.0,HIST-SITE-001,0
2026/02/09 22:00:00,375.57,0.0,HIST-SITE-001,0
2026/02/09 22:05:00,375.57,0.0,HIST-SITE-001,0
2026/02/09 22:10:00,375.57,0.0,HIST-SITE-001,0
2026/02/09 22:15:00,375.57,0.0,HIST-SITE-001,0
2026/02/09 22:20:00,375.57,0.0,HIST-SITE-001,0
2026/02/09 22:25:00,375.57,0.0,HIST-SITE-001,0
2026/02/09 22:30:00,375.57,0.0,HIST-SITE-001,0
2026/02/09 22:35:00,375.57,0.0,HIST-SITE-001,0
2026/02/09 22:40:00,375.57,0.0,HIST-SITE-001,0
2026/02/09 22:45:00,375.57,0.0,HIST-SITE-001,0
2026/02/09 22:50:00,375.57,0.0,HIST-SITE-001,0
2026/02/09 22:55:00,375.57,0.0,HIST-SITE-001,0
2026/02/09 23:00:00,375.57,0.0,HIST-SITE-001,0
2026/02/09 23:05:00,375.57,0.0,HIST-SITE-001,0
2026/02/09 23:10:00,375.57,0.0,HIST-SITE-001,0
2026/02/09 23:15:00,375.57,0.0,HIST-SITE-001,0
2026/02/09 23:20:00,375.57,0.0,HIST-SITE-001,0
2026/02/09 23:25:00,375.57,0.0,HIST-SITE-001,0
2026/02/09 23:30:00,375.57,0.0,HIST-SITE-001,0
2026/02/09 23:35:00,375.57,0.0,HIST-SITE-001,0
2026/02/09 23:40:00,375.57,0.0,HIST-SITE-001,0
2026/02/09 23:45:00,375.57,0.0,HIST-SITE-001,0
2026/02/09 23:50:00,375.57,0.0,HIST-SITE-001,0
2026/02/09 23:55:00,375.57,0.0,HIST-SITE-001,0
